Date:,27/01/2020,,,Labstep:,,,,,,,,,,,,,,,
,,,,,,,,,,,,,,,,,,,
HTP ref,Reference Sequence,Prep type,Concentration ng/ul,Sequencing ID,NGS Barcode ID,Barcode sequence (fixed - NNNN barcode - fixed),Dominating sequence found with NGS,Dominating sequence correct,Secondary sequence found with NGS,Secondary sequence correct,,,,,,,,,
HTP0006.A1,GAAGTGCAGCTGGTTGAGTCGGGTGGAGGGCTTGTTCAGCCTGGAGGGTCGCTGGACTTGTCTTGCGCCGCGTCCGGCTTCACGTTGGATTATCTTGCCATTGGATGGTTCCCGCAAGCACCTGGAAAAGAGCACGAAGGAGTAAGTTGTGTTTCGTCTTCAGGACAGTATACATATTACGCTGACTCTGTCTTGGGGCGTTTTACTATTTCGGGGGACAATGCGGAATCTACTGTTTATTTGCAAATGAATTCTCTTAAACCGGAGGATACCGCTGTGTATTACTGTGCAACAGATCCAGAGTGTTATCGCGTTAACGGATATTATAACGGAGAATACGACTACTGGGGCCAAGGGACTCAAGTGACCGTGTCGTCT,plasmid,20-30,s326,BC1,tcgtcggcagcgtcagatgtgtataagagacagGACGtcgaatgatgacgacgacaagTC,GAAGTGCAGCTGGTTGAGTCGGGTGGAGGGCTTGTTCAGCCTGGAGGGTCGCTGGACTTGTCTTGCGCCGCGTCCGGCTTCACGTTGGATTATCTTGCCATTGGATGGTTCCCGCAAGCACCTGGAAAAGAGCACGAAGGAGTAAGTTGTGTTTCGTCTTCAGGACAGTATACATATTACGCTGACTCTGTCTTGGGGCGTTTTACTATTTCGGGGGACAATGCGGAATCTACTGTTTATTTGCAAATGAATTCTCTTAAACCGGAGGATACCGCTGTGTATTACTGTGCAACAGATCCAGAGTGTTATCGCGTTAACGGATATTATAACGGAGAATACGACTACTGGGGCCAAGGGACTCAAGTGACCGTGTCGTCT,TRUE,NO SEQUENCE FOUND,FALSE,,83.598,,,,,,,
HTP0006.B1,GAAGTGCAGCTGGTTGAGTCGGGTGGAGGGCTTGTTCAGCCTGGAGGGTCGCTGCGGTTGTCTTGCGCCGCGTCCGGCTTCACGTTGGATTATCTTGCCATTGGATGGTTCCCGCAAGCACCTGGAAAAGAGCGGGAAGGAGTAAGTTGTGTTTCGTCTTCAGGACAGTATACATATTACGCTGACTCTGTCAAGGGGCGTTTTACTATTTCGCGGGACAATGCGGAATCTACTGTTTATTTGCAAATGAATTCTCTTAAACCGGAGGATACCGCTGTGTATTACTGTGCAACAGATCCAGAGTGTTATCGCGTTAACGGATATTATAACGGAGAATACGACTACTGGGGCCAAGGGACTCAAGTGACCGTGTCGTCT,plasmid,20-30,s326,BC2,tcgtcggcagcgtcagatgtgtataagagacagAGCGtcgaatgatgacgacgacaagTC,GAAGTGCAGCTGGTTGAGTCGGGTGGAGGGCTTGTTCAGCCTGGAGGGTCGCTGCGGTTGTCTTGCGCCGCGTCCGGCTTCACGTTGGATTATCTTGCCATTGGATGGTTCCCGCAAGCACCTGGAAAAGAGCGGGAAGGAGTAAGTTGTGTTTCGTCTTCAGGACAGTATACATATTACGCTGACTCTGTCAAGGGGCGTTTTACTATTTCGCGGGACAATGCGGAATCTACTGTTTATTTGCAAATGAATTCTCTTAAACCGGAGGATACCGCTGTGTATTACTGTGCAACAGATCCAGAGTGTTATCGCGTTAACGGATATTATAACGGAGAATACGACTACTGGGGCCAAGGGACTCAAGTGACCGTGTCGTCT,TRUE,NO SEQUENCE FOUND,FALSE,,58.052,,,,,,,
HTP0006.C1,GAAGTGCAGCTGGTTGAGTCGGGTGGAGGGCTTGTTCAGCCTGGAGGGTCGCTGCGGTTGTCTTGCGCCGCGTCCGGCTTCACGTTGGATTATCTTGCCATTGGATGGTTCGACCAAGCACCTGGAAAAGAGGCTGAAGGAGTAAGTTGTGTTTCGTCTTCAGGACAGTATACATATTACGCTGACTCTGTCAAGGGGCGTTTTACTATTTCGCGGGACAATGCGGAATCTACTGTTTATTTGCAAATGAATTCTCTTAAACCGGAGGATACCGCTGTGTATTACTGTGCAACAGATCCAGAGTGTTATCGCGTTCGGGGATATTATAACGGAGAATACGACTACTGGGGCCAAGGGACTCAAGTGACCGTGTCGTCT,plasmid,20-30,s326,BC3,tcgtcggcagcgtcagatgtgtataagagacagACATtcgaatgatgacgacgacaagTC,GAAGTGCAGCTGGTTGAGTCGGGTGGAGGGCTTGTTCAGCCTGGAGGGTCGCTGCGGTTGTCTTGCGCCGCGTCCGGCTTCACGTTGGATTATCTTGCCATTGGATGGTTCGACCAAGCACCTGGAAAAGAGGCTGAAGGAGTAAGTTGTGTTTCGTCTTCAGGACAGTATACATATTACGCTGACTCTGTCAAGGGGCGTTTTACTATTTCGCGGGACAATGCGGAATCTACTGTTTATTTGCAAATGAATTCTCTTAAACCGGAGGATACCGCTGTGTATTACTGTGCAACAGATCCAGAGTGTTATCGCGTTCGGGGATATTATAACGGAGAATACGACTACTGGGGCCAAGGGACTCAAGTGACCGTGTCGTCT,TRUE,GAAGTGCAGCTGGTTGAGTCGGGTGGAGGGCTTGTTCAGCCTGGAGGGTCGCTGCGGTTGTCTTGCGCCGCGTCCGGCTTCACGTTGGATTATCTTGCCATTGGATGGTTCGACCAAGCACCTGGAAAAGAGGCTGAAGGAGTAAGTTGTGTTTCGTCTTCAGGACAGTATACATATTACGCTGACTCTGTCAAGGGGCGTTTTACTATTTCGCGGGACAATGCGGAATCTACTGTTTATTTGCAAATGAATTCTCTTAAACCGGAGGATACCGCTGTGTATTACTGTGCAACAGATCCAGAGTGTTATCGCGTTAACGGATATTATAACGGAGAATACGACTACTGGGGCCAAGGGACTCAAGTGACCGTGTCGTCT,FALSE,,79.267,,,,,,,
HTP0006.D1,GAAGTGCAGCTGGTTGAGTCGGGTGGAGGGCTTGTTCAGCCTGGAGGGTCGCTGGACTTGTCTTGCGCCGCGTCCGGCTTCACGTTGGATTATCTTGCCATTGGATGGTTCCCGCAAGCACCTGGAAAAGAGCACGAAGGAGTAAGTTGTGTTTCGTCTTCAGGACAGTATACATATTACGCTGACTCTGTCTGTGGGCGTTTTACTATTTCGGGGGACAATGCGGAATCTACTGTTTATTTGCAAATGAATTCTCTTAAACCGGAGGATACCGCTGTGTATTACTGTGCAACAGATCCAGAGTGTTATCGCGTTAACGGATATTATAACGGAGAATACGACTACTGGGGCCAAGGGACTCAAGTGACCGTGTCGTCT,plasmid,20-30,s326,BC4,tcgtcggcagcgtcagatgtgtataagagacagATTGtcgaatgatgacgacgacaagTC,GAAGTGCAGCTGGTTGAGTCGGGTGGAGGGCTTGTTCAGCCTGGAGGGTCGCTGGACTTGTCTTGCGCCGCGTCCGGCTTCACGTTGGATTATCTTGCCATTGGATGGTTCCCGCAAGCACCTGGAAAAGAGCACGAAGGAGTAAGTTGTGTTTCGTCTTCAGGACAGTATACATATTACGCTGACTCTGTCTGTGGGCGTTTTACTATTTCGGGGGACAATGCGGAATCTACTGTTTATTTGCAAATGAATTCTCTTAAACCGGAGGATACCGCTGTGTATTACTGTGCAACAGATCCAGAGTGTTATCGCGTTAACGGATATTATAACGGAGAATACGACTACTGGGGCCAAGGGACTCAAGTGACCGTGTCGTCT,TRUE,NO SEQUENCE FOUND,FALSE,,81.75,,,,,,,
HTP0006.E1,GAAGTGCAGCTGGTTGAGTCGGGTGGAGGGCTTGTTCAGCCTGGAGGGTCGCTGGACTTGTCTTGCGCCGCGTCCGGCTTCACGTTGGATTATCTTGCCATTGGATGGTTCCCGCAAGCACCTGGAAAAGAGCACGAAGGAGTAAGTTGTGTTTCGTCTTCAGGACAGTATACATATTACGCTGACTCTGTCAAGGGGCGTTTTACTATTTCGCGGGACAATGCGGAATCTACTGTTTATTTGCAAATGAATTCTCTTAAACCGGAGGATACCGCTGTGTATTACTGTGCAACAGATCCAGAGTGTTATCGCGTTAACGGATATTATAACGGAGAATACGACTACTGGGGCCAAGGGACTCAAGTGACCGTGTCGTCT,plasmid,20-30,s326,BC5,tcgtcggcagcgtcagatgtgtataagagacagCTAAtcgaatgatgacgacgacaagTC,GAAGTGCAGCTGGTTGAGTCGGGTGGAGGGCTTGTTCAGCCTGGAGGGTCGCTGGACTTGTCTTGCGCCGCGTCCGGCTTCACGTTGGATTATCTTGCCATTGGATGGTTCCCGCAAGCACCTGGAAAAGAGCACGAAGGAGTAAGTTGTGTTTCGTCTTCAGGACAGTATACATATTACGCTGACTCTGTCAAGGGGCGTTTTACTATTTCGCGGGACAATGCGGAATCTACTGTTTATTTGCAAATGAATTCTCTTAAACCGGAGGATACCGCTGTGTATTACTGTGCAACAGATCCAGAGTGTTATCGCGTTAACGGATATTATAACGGAGAATACGACTACTGGGGCCAAGGGACTCAAGTGACCGTGTCGTCT,TRUE,NO SEQUENCE FOUND,FALSE,,61.233,,,,,,,
HTP0006.F1,GAAGTGCAGCTGGTTGAGTCGGGTGGAGGGCTTGTTCAGCCTGGAGGGTCGCTGGTTTTGTCTTGCGCCGCGTCCGGCTTCACGTTGGATTATCTTGCCATTGGATGGTTCCCGCAAGCACCTGGAAAAGAGGCTGAAGGAGTAAGTTGTGTTTCGTCTTCAGGACAGTATACATATTACGCTGACTCTGTCAAGGGGCGTTTTACTATTTCGCGGGACAATGCGGAATCTACTGTTTATTTGCAAATGAATTCTCTTAAACCGGAGGATACCGCTGTGTATTACTGTGCAACAGATCCAGAGTGTTATCGCGTTAACGGATATTATAACGGAGAATACGACTACTGGGGCCAAGGGACTCAAGTGACCGTGTCGTCT,plasmid,20-30,s326,BC6,tcgtcggcagcgtcagatgtgtataagagacagCAGGtcgaatgatgacgacgacaagTC,GAAGTGCAGCTGGTTGAGTCGGGTGGAGGGCTTGTTCAGCCTGGAGGGTCGCTGGTTTTGTCTTGCGCCGCGTCCGGCTTCACGTTGGATTATCTTGCCATTGGATGGTTCCCGCAAGCACCTGGAAAAGAGGCTGAAGGAGTAAGTTGTGTTTCGTCTTCAGGACAGTATACATATTACGCTGACTCTGTCAAGGGGCGTTTTACTATTTCGCGGGACAATGCGGAATCTACTGTTTATTTGCAAATGAATTCTCTTAAACCGGAGGATACCGCTGTGTATTACTGTGCAACAGATCCAGAGTGTTATCGCGTTAACGGATATTATAACGGAGAATACGACTACTGGGGCCAAGGGACTCAAGTGACCGTGTCGTCT,TRUE,NO SEQUENCE FOUND,FALSE,,67.45,,,,,,,
HTP0006.G1,GAAGTGCAGCTGGTTGAGTCGGGTGGAGGGCTTGTTCAGCCTGGAGGGTCGCTGATCTTGTCTTGCGCCGCGTCCGGCTTCACGTTGGATTATCTTGCCATTGGATGGTTCTGGCAAGCACCTGGAAAAGAGTGGGAAGGAGTAAGTTGTGTTTCGTCTTCAGGACAGTATACATATTACGCTGACTCTGTCGTTGGGCGTTTTACTATTTCGGTTGACAATGCGGAATCTACTGTTTATTTGCAAATGAATTCTCTTAAACCGGAGGATACCGCTGTGTATTACTGTGCAACAGATCCAGAGTGTTATCGCGTTCGGGGATATTATAACGGAGAATACGACTACTGGGGCCAAGGGACTCAAGTGACCGTGTCGTCT,plasmid,20-30,s326,BC7,tcgtcggcagcgtcagatgtgtataagagacagCTGAtcgaatgatgacgacgacaagTC,INDELS! GAAGTGCAGCTGGTTGAGTCGGGTGGAGGGCTTGTTCAGCCTGGAGGGTCGCTGATCTTGTCTTGCGCCGCGTCCGGCTTCACGTTGGATTATCTTGCCATTGGATGGTTCTGGCAAGCCCTGGAAAAGAGTGGGAAGGAGTAAGTTGTGTTTCGTCTTCAGGACAGTATACATATTACGCTGACTCTGTCGTTGGGCGTTTTACTATTTCGGTTGACAATGCGGAATCTACTGTTTATTTGCAAATGAATTCTCTTAAACCGGAGGATACCGCTGTGTATTACTGTGCAACAGATCCAGAGTGTTATCGCGTTCGGGGATATTATAACGGAGAATACGACTACTGGGGCCAAGGGACTCAAGTGACCGTGTCGTCT,FALSE,INDELS! GAAGTGCAGCTGGTTGAGTCGGGTGGAGGGCTTGTTCAGCCTGGAGGGTCGCTGATCTTGTCTTGCGCCGCGTCCGGCTTCACGTTGGATTATCTTGCCATTGGATGGTTCTGGCAAGCCCTGGAAAAGAGTGGGAAGGAGTAAGTTGTGTTTCGTCTTCAGGACAGTATACATATTACGCTGACTCTGTCGTTGGGCGTTTTACTATTTCGGTTGACAATGCGGAATCTACTGTTTATTTGCAAATGAATTCTCTTAAACCGGAGGATACCGCTGTGTATTACTGTGCAACAGATCCAGAGTGTTATCGCGTTAACGGATATTATAACGGAGAATACGACTACTGGGGCCAAGGGACTCAAGTGACCGTGTCGTCT,FALSE,INDEL,55.466,,,,,,,
HTP0006.H1,GAAGTGCAGCTGGTTGAGTCGGGTGGAGGGCTTGTTCAGCCTGGAGGGTCGCTGGTTTTGTCTTGCGCCGCGTCCGGCTTCACGTTGGATTATCTTGCCATTGGATGGTTCTGGCAAGCACCTGGAAAAGAGTGGGAAGGAGTAAGTTGTGTTTCGTCTTCAGGACAGTATACATATTACGCTGACTCTGTCCACGGGCGTTTTACTATTTCGGAGGACAATGCGGAATCTACTGTTTATTTGCAAATGAATTCTCTTAAACCGGAGGATACCGCTGTGTATTACTGTGCAACAGATCCAGAGTGTTATCGCGTTCGGGGATATTATAACGGAGAATACGACTACTGGGGCCAAGGGACTCAAGTGACCGTGTCGTCT,plasmid,20-30,s326,BC8,tcgtcggcagcgtcagatgtgtataagagacagAGGGtcgaatgatgacgacgacaagTC,GAAGTGCAGCTGGTTGAGTCGGGTGGAGGGCTTGTTCAGCCTGGAGGGTCGCTGGTTTTGTCTTGCGCCGCGTCCGGCTTCACGTTGGATTATCTTGCCATTGGATGGTTCTGGCAAGCACCTGGAAAAGAGTGGGAAGGAGTAAGTTGTGTTTCGTCTTCAGGACAGTATACATATTACGCTGACTCTGTCCACGGGCGTTTTACTATTTCGGAGGACAATGCGGAATCTACTGTTTATTTGCAAATGAATTCTCTTAAACCGGAGGATACCGCTGTGTATTACTGTGCAACAGATCCAGAGTGTTATCGCGTTCGGGGATATTATAACGGAGAATACGACTACTGGGGCCAAGGGACTCAAGTGACCGTGTCGTCT,TRUE,NO SEQUENCE FOUND,FALSE,,62.089,,,,,,,
HTP0006.A2,GAAGTGCAGCTGGTTGAGTCGGGTGGAGGGCTTGTTCAGCCTGGAGGGTCGCTGTCTTTGTCTTGCGCCGCGTCCGGCTTCACGTTGGATTATCTTGCCATTGGATGGTTCCCGCAAGCACCTGGAAAAGAGCACGAAGGAGTAAGTTGTGTTTCGTCTTCAGGACAGTATACATATTACGCTGACTCTGTCTGTGGGCGTTTTACTATTTCGGGGGACAATGCGGAATCTACTGTTTATTTGCAAATGAATTCTCTTAAACCGGAGGATACCGCTGTGTATTACTGTGCAACAGATCCAGAGTGTTATCGCGTTAACGGATATTATAACGGAGAATACGACTACTGGGGCCAAGGGACTCAAGTGACCGTGTCGTCT,plasmid,20-30,s326,BC9,tcgtcggcagcgtcagatgtgtataagagacagGGACtcgaatgatgacgacgacaagTC,GAAGTGCAGCTGGTTGAGTCGGGTGGAGGGCTTGTTCAGCCTGGAGGGTCGCTGTCTTTGTCTTGCGCCGCGTCCGGCTTCACGTTGGATTATCTTGCCATTGGATGGTTCCCGCAAGCACCTGGAAAAGAGCACGAAGGAGTAAGTTGTGTTTCGTCTTCAGGACAGTATACATATTACGCTGACTCTGTCTGTGGGCGTTTTACTATTTCGGGGGACAATGCGGAATCTACTGTTTATTTGCAAATGAATTCTCTTAAACCGGAGGATACCGCTGTGTATTACTGTGCAACAGATCCAGAGTGTTATCGCGTTAACGGATATTATAACGGAGAATACGACTACTGGGGCCAAGGGACTCAAGTGACCGTGTCGTCT,TRUE,NO SEQUENCE FOUND,FALSE,,69.182,,,,,,,
HTP0006.B2,GAAGTGCAGCTGGTTGAGTCGGGTGGAGGGCTTGTTCAGCCTGGAGGGTCGCTGCGGTTGTCTTGCGCCGCGTCCGGCTTCACGTTGGATTATCTTGCCATTGGATGGTTCGACCAAGCACCTGGAAAAGAGTGGGAAGGAGTAAGTTGTGTTTCGTCTTCAGGACAGTATACATATTACGCTGACTCTGTCGCTGGGCGTTTTACTATTTCGTGGGACAATGCGGAATCTACTGTTTATTTGCAAATGAATTCTCTTAAACCGGAGGATACCGCTGTGTATTACTGTGCAACAGATCCAGAGTGTTATCGCGTTTGGGGATATTATAACGGAGAATACGACTACTGGGGCCAAGGGACTCAAGTGACCGTGTCGTCT,plasmid,20-30,s326,BC10,tcgtcggcagcgtcagatgtgtataagagacagTTCGtcgaatgatgacgacgacaagTC,GAAGTGCAGCTGGTTGAGTCGGGTGGAGGGCTTGTTCAGCCTGGAGGGTCGCTGCGGTTGTCTTGCGCCGCGTCCGGCTTCACGTTGGATTATCTTGCCATTGGATGGTTCGACCAAGCACCTGGAAAAGAGTGGGAAGGAGTAAGTTGTGTTTCGTCTTCAGGACAGTATACATATTACGCTGACTCTGTCGCTGGGCGTTTTACTATTTCGTGGGACAATGCGGAATCTACTGTTTATTTGCAAATGAATTCTCTTAAACCGGAGGATACCGCTGTGTATTACTGTGCAACAGATCCAGAGTGTTATCGCGTTTGGGGATATTATAACGGAGAATACGACTACTGGGGCCAAGGGACTCAAGTGACCGTGTCGTCT,TRUE,GAAGTGCAGCTGGTTGAGTCGGGTGGAGGGCTTGTTCAGCCTGGAGGGTCGCTGCGGTTGTCTTGCGCCGCGTCCGGCTTCACGTTGGATTATCTTGCCATTGGATGGTTCGACCAAGCACCTGGAAAAGAGTGGGAAGGAGTAAGTTGTGTTTCGTCTTCAGGACAGTATACATATTACGCTGACTCTGTCGCTGGGCGTTTTACTATTTCGTGGGACAATGCGGAATCTACTGTTTATTTGCAAATGAATTCTCTTAAACCGGAGGATACCGCTGTGTATTACTGTGCAACAGATCCAGAGTGTTATCGCGTTAACGGATATTATAACGGAGAATACGACTACTGGGGCCAAGGGACTCAAGTGACCGTGTCGTCT,FALSE,,68.276,,,,,,,
HTP0006.C2,GAAGTGCAGCTGGTTGAGTCGGGTGGAGGGCTTGTTCAGCCTGGAGGGTCGCTGGCTTTGTCTTGCGCCGCGTCCGGCTTCACGTTGGATTATCTTGCCATTGGATGGTTCCAGCAAGCACCTGGAAAAGAGCGGGAAGGAGTAAGTTGTGTTTCGTCTTCAGGACAGTATACATATTACGCTGACTCTGTCTTGGGGCGTTTTACTATTTCGCGGGACAATGCGGAATCTACTGTTTATTTGCAAATGAATTCTCTTAAACCGGAGGATACCGCTGTGTATTACTGTGCAACAGATCCAGAGTGTTATCGCGTTAACGGATATTATAACGGAGAATACGACTACTGGGGCCAAGGGACTCAAGTGACCGTGTCGTCT,plasmid,20-30,s326,BC11,tcgtcggcagcgtcagatgtgtataagagacagGCTGtcgaatgatgacgacgacaagTC,GAAGTGCAGCTGGTTGAGTCGGGTGGAGGGCTTGTTCAGCCTGGAGGGTCGCTGGCTTTGTCTTGCGCCGCGTCCGGCTTCACGTTGGATTATCTTGCCATTGGATGGTTCCAGCAAGCACCTGGAAAAGAGCGGGAAGGAGTAAGTTGTGTTTCGTCTTCAGGACAGTATACATATTACGCTGACTCTGTCTTGGGGCGTTTTACTATTTCGCGGGACAATGCGGAATCTACTGTTTATTTGCAAATGAATTCTCTTAAACCGGAGGATACCGCTGTGTATTACTGTGCAACAGATCCAGAGTGTTATCGCGTTAACGGATATTATAACGGAGAATACGACTACTGGGGCCAAGGGACTCAAGTGACCGTGTCGTCT,TRUE,NO SEQUENCE FOUND,FALSE,,60.261,,,,,,,
HTP0006.D2,GAAGTGCAGCTGGTTGAGTCGGGTGGAGGGCTTGTTCAGCCTGGAGGGTCGCTGCGGTTGTCTTGCGCCGCGTCCGGCTTCACGTTGGATTATCTTGCCATTGGATGGTTCCGGCAAGCACCTGGAAAAGAGCGGGAAGGAGTAAGTTGTGTTTCGTCTTCAGGACAGTATACATATTACGCTGACTCTGTCAAGGGGCGTTTTACTATTTCGCGGGACAATGCGGAATCTACTGTTTATTTGCAAATGAATTCTCTTAAACCGGAGGATACCGCTGTGTATTACTGTGCAACAGATCCAGAGTGTTATCGCGTTCGGGGATATTATAACGGAGAATACGACTACTGGGGCCAAGGGACTCAAGTGACCGTGTCGTCT,plasmid,20-30,s326,BC12,tcgtcggcagcgtcagatgtgtataagagacagTTACtcgaatgatgacgacgacaagTC,GAAGTGCAGCTGGTTGAGTCGGGTGGAGGGCTTGTTCAGCCTGGAGGGTCGCTGCGGTTGTCTTGCGCCGCGTCCGGCTTCACGTTGGATTATCTTGCCATTGGATGGTTCCGGCAAGCACCTGGAAAAGAGCGGGAAGGAGTAAGTTGTGTTTCGTCTTCAGGACAGTATACATATTACGCTGACTCTGTCAAGGGGCGTTTTACTATTTCGCGGGACAATGCGGAATCTACTGTTTATTTGCAAATGAATTCTCTTAAACCGGAGGATACCGCTGTGTATTACTGTGCAACAGATCCAGAGTGTTATCGCGTTCGGGGATATTATAACGGAGAATACGACTACTGGGGCCAAGGGACTCAAGTGACCGTGTCGTCT,TRUE,GAAGTGCAGCTGGTTGAGTCGGGTGGAGGGCTTGTTCAGCCTGGAGGGTCGCTGCGGTTGTCTTGCGCCGCGTCCGGCTTCACGTTGGATTATCTTGCCATTGGATGGTTCCGGCAAGCACCTGGAAAAGAGCGGGAAGGAGTAAGTTGTGTTTCGTCTTCAGGACAGTATACATATTACGCTGACTCTGTCAAGGGGCGTTTTACTATTTCGCGGGACAATGCGGAATCTACTGTTTATTTGCAAATGAATTCTCTTAAACCGGAGGATACCGCTGTGTATTACTGTGCAACAGATCCAGAGTGTTATCGCGTTCGGGGATATTATAACGGAGAATACGACTACTGGGGCCACGGGACTCAAGTGACCGTGTCGTCT,FALSE,,215.127,,,,,,,
HTP0006.E2,GAAGTGCAGCTGGTTGAGTCGGGTGGAGGGCTTGTTCAGCCTGGAGGGTCGCTGCGGTTGTCTTGCGCCGCGTCCGGCTTCACGTTGGATTATCTTGCCATTGGATGGTTCTTGCAAGCACCTGGAAAAGAGCGGGAAGGAGTAAGTTGTGTTTCGTCTTCAGGACAGTATACATATTACGCTGACTCTGTCAAGGGGCGTTTTACTATTTCGCGGGACAATGCGGAATCTACTGTTTATTTGCAAATGAATTCTCTTAAACCGGAGGATACCGCTGTGTATTACTGTGCAACAGATCCAGAGTGTTATCGCGTTAACGGATATTATAACGGAGAATACGACTACTGGGGCCAAGGGACTCAAGTGACCGTGTCGTCT,plasmid,20-30,s326,BC13,tcgtcggcagcgtcagatgtgtataagagacagAGTAtcgaatgatgacgacgacaagTC,GAAGTGCAGCTGGTTGAGTCGGGTGGAGGGCTTGTTCAGCCTGGAGGGTCGCTGCGGTTGTCTTGCGCCGCGTCCGGCTTCACGTTGGATTATCTTGCCATTGGATGGTTCTTGCAAGCACCTGGAAAAGAGCGGGAAGGAGTAAGTTGTGTTTCGTCTTCAGGACAGTATACATATTACGCTGACTCTGTCAAGGGGCGTTTTACTATTTCGCGGGACAATGCGGAATCTACTGTTTATTTGCAAATGAATTCTCTTAAACCGGAGGATACCGCTGTGTATTACTGTGCAACAGATCCAGAGTGTTATCGCGTTAACGGATATTATAACGGAGAATACGACTACTGGGGCCAAGGGACTCAAGTGACCGTGTCGTCT,TRUE,NO SEQUENCE FOUND,FALSE,,51.631,,,,,,,
HTP0006.F2,GAAGTGCAGCTGGTTGAGTCGGGTGGAGGGCTTGTTCAGCCTGGAGGGTCGCTGCGGTTGTCTTGCGCCGCGTCCGGCTTCACGTTGGATTATCTTGCCATTGGATGGTTCTCTCAAGCACCTGGAAAAGAGGGGGAAGGAGTAAGTTGTGTTTCGTCTTCAGGACAGTATACATATTACGCTGACTCTGTCTCTGGGCGTTTTACTATTTCGGTTGACAATGCGGAATCTACTGTTTATTTGCAAATGAATTCTCTTAAACCGGAGGATACCGCTGTGTATTACTGTGCAACAGATCCAGAGTGTTATCGCGTTGGGGGATATTATAACGGAGAATACGACTACTGGGGCCAAGGGACTCAAGTGACCGTGTCGTCT,plasmid,20-30,s326,BC14,tcgtcggcagcgtcagatgtgtataagagacagCCCGtcgaatgatgacgacgacaagTC,GAAGTGCAGCTGGTTGAGTCGGGTGGAGGGCTTGTTCAGCCTGGAGGGTCGCTGCGGTTGTCTTGCGCCGCGTCCGGCTTCACGTTGGATTATCTTGCCATTGGATGGTTCTCTCAAGCACCTGGAAAAGAGGGGGAAGGAGTAAGTTGTGTTTCGTCTTCAGGACAGTATACATATTACGCTGACTCTGTCTCTGGGCGTTTTACTATTTCGGTTGACAATGCGGAATCTACTGTTTATTTGCAAATGAATTCTCTTAAACCGGAGGATACCGCTGTGTATTACTGTGCAACAGATCCAGAGTGTTATCGCGTTGGGGGATATTATAACGGAGAATACGACTACTGGGGCCAAGGGACTCAAGTGACCGTGTCGTCT,TRUE,GAAGTGCAGCTGGTTGAGTCGGGTGGAGGGCTTGTTCAGCCTGGAGGGTCGCTGCGGTTGTCTTGCGCCGCGTCCGGCTTCACGTTGGATTATCTTGCCATTGGATGGTTCTCTCAAGCACCTGGAAAAGAGGGGGAAGGAGTAAGTTGTGTTTCGTCTTCAGGACAGTATACATATTACGCTGACTCTGTCTCTGGGCGTTTTACTATTTCGGTTGACAATGCGGAATCTACTGTTTATTTGCAAATGAATTCTCTTAAACCGGAGGATACCGCTGTGTATTACTGTGCAACAGATCCAGAGTGTTATCGCGTTAACGGATATTATAACGGAGAATACGACTACTGGGGCCAAGGGACTCAAGTGACCGTGTCGTCT,FALSE,,65.841,,,,,,,
HTP0006.G2,GAAGTGCAGCTGGTTGAGTCGGGTGGAGGGCTTGTTCAGCCTGGAGGGTCGCTGGACTTGTCTTGCGCCGCGTCCGGCTTCACGTTGGATTATCTTGCCATTGGATGGTTCCCGCAAGCACCTGGAAAAGAGGCTGAAGGAGTAAGTTGTGTTTCGTCTTCAGGACAGTATACATATTACGCTGACTCTGTCAAGGGGCGTTTTACTATTTCGTTGGACAATGCGGAATCTACTGTTTATTTGCAAATGAATTCTCTTAAACCGGAGGATACCGCTGTGTATTACTGTGCAACAGATCCAGAGTGTTATCGCGTTAACGGATATTATAACGGAGAATACGACTACTGGGGCCAAGGGACTCAAGTGACCGTGTCGTCT,plasmid,20-30,s326,BC15,tcgtcggcagcgtcagatgtgtataagagacagCACAtcgaatgatgacgacgacaagTC,GAAGTGCAGCTGGTTGAGTCGGGTGGAGGGCTTGTTCAGCCTGGAGGGTCGCTGGACTTGTCTTGCGCCGCGTCCGGCTTCACGTTGGATTATCTTGCCATTGGATGGTTCCCGCAAGCACCTGGAAAAGAGGCTGAAGGAGTAAGTTGTGTTTCGTCTTCAGGACAGTATACATATTACGCTGACTCTGTCAAGGGGCGTTTTACTATTTCGTTGGACAATGCGGAATCTACTGTTTATTTGCAAATGAATTCTCTTAAACCGGAGGATACCGCTGTGTATTACTGTGCAACAGATCCAGAGTGTTATCGCGTTAACGGATATTATAACGGAGAATACGACTACTGGGGCCAAGGGACTCAAGTGACCGTGTCGTCT,TRUE,GAAGTGCAGCTGGTTGAGTCGGGTGGAGGGCTTGTTCAGCCTGGAGGGTCGCTGGACTTGTCTTGCGCCGCGTCCGGCTTCACGTTGGATTATCTTGCCATTGGATGGTTCCCGCAAGCACCTGGAAAAGAGGCTGAAGGAGTAAGTTGTGTTTCGTCTTCAGGACAGTATACATATTACGCTGACTCTGTCAAGGGGCGTTTTACTATTTCGCGGGACAATGCGGAATCTACTGTTTATTTGCAAATGAATTCTCTTAAACCGGAGGATACCGCTGTGTATTACTGTGCAACAGATCCAGAGTGTTATCGCGTTAACGGATATTATAACGGAGAATACGACTACTGGGGCCAAGGGACTCAAGTGACCGTGTCGTCT,FALSE,,72.897,,,,,,,
HTP0006.H2,GAAGTGCAGCTGGTTGAGTCGGGTGGAGGGCTTGTTCAGCCTGGAGGGTCGCTGAAGTTGTCTTGCGCCGCGTCCGGCTTCACGTTGGATTATCTTGCCATTGGATGGTTCCCGCAAGCACCTGGAAAAGAGCACGAAGGAGTAAGTTGTGTTTCGTCTTCAGGACAGTATACATATTACGCTGACTCTGTCCGGGGGCGTTTTACTATTTCGGGGGACAATGCGGAATCTACTGTTTATTTGCAAATGAATTCTCTTAAACCGGAGGATACCGCTGTGTATTACTGTGCAACAGATCCAGAGTGTTATCGCGTTAACGGATATTATAACGGAGAATACGACTACTGGGGCCAAGGGACTCAAGTGACCGTGTCGTCT,plasmid,20-30,s326,BC16,tcgtcggcagcgtcagatgtgtataagagacagCAATtcgaatgatgacgacgacaagTC,GAAGTGCAGCTGGTTGAGTCGGGTGGAGGGCTTGTTCAGCCTGGAGGGTCGCTGAAGTTGTCTTGCGCCGCGTCCGGCTTCACGTTGGATTATCTTGCCATTGGATGGTTCCCGCAAGCACCTGGAAAAGAGCACGAAGGAGTAAGTTGTGTTTCGTCTTCAGGACAGTATACATATTACGCTGACTCTGTCCGGGGGCGTTTTACTATTTCGGGGGACAATGCGGAATCTACTGTTTATTTGCAAATGAATTCTCTTAAACCGGAGGATACCGCTGTGTATTACTGTGCAACAGATCCAGAGTGTTATCGCGTTAACGGATATTATAACGGAGAATACGACTACTGGGGCCAAGGGACTCAAGTGACCGTGTCGTCT,TRUE,NO SEQUENCE FOUND,FALSE,,64.509,,,,,,,
HTP0006.A3,GAAGTGCAGCTGGTTGAGTCGGGTGGAGGGCTTGTTCAGCCTGGAGGGTCGCTGCGGTTGTCTTGCGCCGCGTCCGGCTTCACGTTGGATTATCTTGCCATTGGATGGTTCCAGCAAGCACCTGGAAAAGAGTTGGAAGGAGTAAGTTGTGTTTCGTCTTCAGGACAGTATACATATTACGCTGACTCTGTCCCGGGGCGTTTTACTATTTCGCACGACAATGCGGAATCTACTGTTTATTTGCAAATGAATTCTCTTAAACCGGAGGATACCGCTGTGTATTACTGTGCAACAGATCCAGAGTGTTATCGCGTTCGGGGATATTATAACGGAGAATACGACTACTGGGGCCAAGGGACTCAAGTGACCGTGTCGTCT,plasmid,20-30,s326,BC17,tcgtcggcagcgtcagatgtgtataagagacagGACTtcgaatgatgacgacgacaagTC,GAAGTGCAGCTGGTTGAGTCGGGTGGAGGGCTTGTTCAGCCTGGAGGGTCGCTGCGGTTGTCTTGCGCCGCGTCCGGCTTCACGTTGGATTATCTTGCCATTGGATGGTTCCAGCAAGCACCTGGAAAAGAGTTGGAAGGAGTAAGTTGTGTTTCGTCTTCAGGACAGTATACATATTACGCTGACTCTGTCCCGGGGCGTTTTACTATTTCGCACGACAATGCGGAATCTACTGTTTATTTGCAAATGAATTCTCTTAAACCGGAGGATACCGCTGTGTATTACTGTGCAACAGATCCAGAGTGTTATCGCGTTCGGGGATATTATAACGGAGAATACGACTACTGGGGCCAAGGGACTCAAGTGACCGTGTCGTCT,TRUE,NO SEQUENCE FOUND,FALSE,,54.044,,,,,,,
HTP0006.B3,GAAGTGCAGCTGGTTGAGTCGGGTGGAGGGCTTGTTCAGCCTGGAGGGTCGCTGGACTTGTCTTGCGCCGCGTCCGGCTTCACGTTGGATTATCTTGCCATTGGATGGTTCGACCAAGCACCTGGAAAAGAGGCTGAAGGAGTAAGTTGTGTTTCGTCTTCAGGACAGTATACATATTACGCTGACTCTGTCAAGGGGCGTTTTACTATTTCGTGGGACAATGCGGAATCTACTGTTTATTTGCAAATGAATTCTCTTAAACCGGAGGATACCGCTGTGTATTACTGTGCAACAGATCCAGAGTGTTATCGCGTTAACGGATATTATAACGGAGAATACGACTACTGGGGCCAAGGGACTCAAGTGACCGTGTCGTCT,plasmid,20-30,s326,BC18,tcgtcggcagcgtcagatgtgtataagagacagTGAGtcgaatgatgacgacgacaagTC,GAAGTGCAGCTGGTTGAGTCGGGTGGAGGGCTTGTTCAGCCTGGAGGGTCGCTGGACTTGTCTTGCGCCGCGTCCGGCTTCACGTTGGATTATCTTGCCATTGGATGGTTCGACCAAGCACCTGGAAAAGAGGCTGAAGGAGTAAGTTGTGTTTCGTCTTCAGGACAGTATACATATTACGCTGACTCTGTCAAGGGGCGTTTTACTATTTCGTGGGACAATGCGGAATCTACTGTTTATTTGCAAATGAATTCTCTTAAACCGGAGGATACCGCTGTGTATTACTGTGCAACAGATCCAGAGTGTTATCGCGTTAACGGATATTATAACGGAGAATACGACTACTGGGGCCAAGGGACTCAAGTGACCGTGTCGTCT,TRUE,NO SEQUENCE FOUND,FALSE,,66.9,,,,,,,
HTP0006.C3,GAAGTGCAGCTGGTTGAGTCGGGTGGAGGGCTTGTTCAGCCTGGAGGGTCGCTGGCTTTGTCTTGCGCCGCGTCCGGCTTCACGTTGGATTATCTTGCCATTGGATGGTTCCAGCAAGCACCTGGAAAAGAGCGGGAAGGAGTAAGTTGTGTTTCGTCTTCAGGACAGTATACATATTACGCTGACTCTGTCTTGGGGCGTTTTACTATTTCGCGGGACAATGCGGAATCTACTGTTTATTTGCAAATGAATTCTCTTAAACCGGAGGATACCGCTGTGTATTACTGTGCAACAGATCCAGAGTGTTATCGCGTTCGGGGATATTATAACGGAGAATACGACTACTGGGGCCAAGGGACTCAAGTGACCGTGTCGTCT,plasmid,20-30,s326,BC19,tcgtcggcagcgtcagatgtgtataagagacagGCACtcgaatgatgacgacgacaagTC,GAAGTGCAGCTGGTTGAGTCGGGTGGAGGGCTTGTTCAGCCTGGAGGGTCGCTGCGGTTGTCTTGCGCCGCGTCCGGCTTCACGTTGGATTATCTTGCCATTGGATGGTTCGACCAAGCACCTGGAAAAGAGGCTGAAGGAGTAAGTTGTGTTTCGTCTTCAGGACAGTATACATATTACGCTGACTCTGTCAAGGGGCGTTTTACTATTTCGCGGGACAATGCGGAATCTACTGTTTATTTGCAAATGAATTCTCTTAAACCGGAGGATACCGCTGTGTATTACTGTGCAACAGATCCAGAGTGTTATCGCGTTCGGGGATATTATAACGGAGAATACGACTACTGGGGCCAAGGGACTCAAGTGACCGTGTCGTCT,FALSE,GAAGTGCAGCTGGTTGAGTCGGGTGGAGGGCTTGTTCAGCCTGGAGGGTCGCTGCGGTTGTCTTGCGCCGCGTCCGGCTTCACGTTGGATTATCTTGCCATTGGATGGTTCGACCAAGCACCTGGAAAAGAGGCTGAAGGAGTAAGTTGTGTTTCGTCTTCAGGACAGTATACATATTACGCTGACTCTGTCAAGGGGCGTTTTACTATTTCGCGGGACAATGCGGAATCTACTGTTTATTTGCAAATGAATTCTCTTAAACCGGAGGATACCGCTGTGTATTACTGTGCAACAGATCCAGAGTGTTATCGCGTTAACGGATATTATAACGGAGAATACGACTACTGGGGCCAAGGGACTCAAGTGACCGTGTCGTCT,FALSE,NO COLONIES,52.473,,,,,,,
HTP0006.D3,GAAGTGCAGCTGGTTGAGTCGGGTGGAGGGCTTGTTCAGCCTGGAGGGTCGCTGTGGTTGTCTTGCGCCGCGTCCGGCTTCACGTTGGATTATCTTGCCATTGGATGGTTCGTTCAAGCACCTGGAAAAGAGTGGGAAGGAGTAAGTTGTGTTTCGTCTTCAGGACAGTATACATATTACGCTGACTCTGTCCCGGGGCGTTTTACTATTTCGGGGGACAATGCGGAATCTACTGTTTATTTGCAAATGAATTCTCTTAAACCGGAGGATACCGCTGTGTATTACTGTGCAACAGATCCAGAGTGTTATCGCGTTGGGGGATATTATAACGGAGAATACGACTACTGGGGCCAAGGGACTCAAGTGACCGTGTCGTCT,plasmid,20-30,s326,BC20,tcgtcggcagcgtcagatgtgtataagagacagGGGTtcgaatgatgacgacgacaagTC,GAAGTGCAGCTGGTTGAGTCGGGTGGAGGGCTTGTTCAGCCTGGAGGGTCGCTGTGGTTGTCTTGCGCCGCGTCCGGCTTCACGTTGGATTATCTTGCCATTGGATGGTTCGTTCAAGCACCTGGAAAAGAGTGGGAAGGAGTAAGTTGTGTTTCGTCTTCAGGACAGTATACATATTACGCTGACTCTGTCCCGGGGCGTTTTACTATTTCGGGGGACAATGCGGAATCTACTGTTTATTTGCAAATGAATTCTCTTAAACCGGAGGATACCGCTGTGTATTACTGTGCAACAGATCCAGAGTGTTATCGCGTTGGGGGATATTATAACGGAGAATACGACTACTGGGGCCAAGGGACTCAAGTGACCGTGTCGTCT,TRUE,NO SEQUENCE FOUND,FALSE,,61.933,,,,,,,
HTP0006.E3,GAAGTGCAGCTGGTTGAGTCGGGTGGAGGGCTTGTTCAGCCTGGAGGGTCGCTGGACTTGTCTTGCGCCGCGTCCGGCTTCACGTTGGATTATCTTGCCATTGGATGGTTCGACCAAGCACCTGGAAAAGAGGCTGAAGGAGTAAGTTGTGTTTCGTCTTCAGGACAGTATACATATTACGCTGACTCTGTCAAGGGGCGTTTTACTATTTCGACTGACAATGCGGAATCTACTGTTTATTTGCAAATGAATTCTCTTAAACCGGAGGATACCGCTGTGTATTACTGTGCAACAGATCCAGAGTGTTATCGCGTTAACGGATATTATAACGGAGAATACGACTACTGGGGCCAAGGGACTCAAGTGACCGTGTCGTCT,plasmid,20-30,s326,BC21,tcgtcggcagcgtcagatgtgtataagagacagTAAAtcgaatgatgacgacgacaagTC,INDELS! GAAGTGCAGCTGGTTGAGTCGGGTGGAGGGCTTGTTCAGCCTGGAGGGTCGCTGGACTTGTCTTGCGCCGCGTCCGGCTTCACGTTGGGATTATCTTGCCATTGGATGGTTCGACCAAGCACCTGGAAAAGAGGCTGAAGGAGTAAGTTGTGTTTCGTCTTCAGGACAGTATACATATTACGCTGACTCTGTCAAGGGGCGTTTTACTATTTCGACTGACAATGCGGAATCTACTGTTTATTTGCAAATGAATTCTCTTAAACCGGAGGATACCGCTGTGTATTACTGTGCAACAGATCCAGAGTGTTATCGCGTTAACGGATATTATAACGGAGAATACGACTACTGGGGCCAAGGGACTCAAGTGACCGTGTCGTCT,FALSE,NO SEQUENCE FOUND,FALSE,INDEL,63.298,,,,,,,
HTP0006.F3,GAAGTGCAGCTGGTTGAGTCGGGTGGAGGGCTTGTTCAGCCTGGAGGGTCGCTGGGGTTGTCTTGCGCCGCGTCCGGCTTCACGTTGGATTATCTTGCCATTGGATGGTTCCGGCAAGCACCTGGAAAAGAGCGGGAAGGAGTAAGTTGTGTTTCGTCTTCAGGACAGTATACATATTACGCTGACTCTGTCAAGGGGCGTTTTACTATTTCGCGGGACAATGCGGAATCTACTGTTTATTTGCAAATGAATTCTCTTAAACCGGAGGATACCGCTGTGTATTACTGTGCAACAGATCCAGAGTGTTATCGCGTTAACGGATATTATAACGGAGAATACGACTACTGGGGCCAAGGGACTCAAGTGACCGTGTCGTCT,plasmid,20-30,s326,BC22,tcgtcggcagcgtcagatgtgtataagagacagGAGCtcgaatgatgacgacgacaagTC,INDELS! GAAGTGCAGCTGGTTGAGTCGGGTGGAGGGCTTGTTCAGCCTTGGAGGGTCGCTGGGGTTGTCTTGCGCCGCGTCCGGCTTCACGTTGGATTATCTTGCCATTGGATGGTTCCGGCAAGCACCTGGAAAAGAGCGGGAAGGAGTAAGTTGTGTTTCGTCTTCAGGACAGTATACATATTACGCTGACTCTGTCAAGGGGCGTTTTACTATTTCGCGGGACAATGCGGAATCTACTGTTTATTTGCAAATGAATTCTCTTAAACCGGAGGATACCGCTGTGTATTACTGTGCAACAGATCCAGAGTGTTATCGCGTTAACGGATATTATAACGGAGAATACGACTACTGGGGCCAAGGGACTCAAGTGACCGTGTCGTCT,FALSE,NO SEQUENCE FOUND,FALSE,INDEL,41.47,,,,,,,
HTP0006.G3,GAAGTGCAGCTGGTTGAGTCGGGTGGAGGGCTTGTTCAGCCTGGAGGGTCGCTGGACTTGTCTTGCGCCGCGTCCGGCTTCACGTTGGATTATCTTGCCATTGGATGGTTCGACCAAGCACCTGGAAAAGAGCACGAAGGAGTAAGTTGTGTTTCGTCTTCAGGACAGTATACATATTACGCTGACTCTGTCAAGGGGCGTTTTACTATTTCGACTGACAATGCGGAATCTACTGTTTATTTGCAAATGAATTCTCTTAAACCGGAGGATACCGCTGTGTATTACTGTGCAACAGATCCAGAGTGTTATCGCGTTAACGGATATTATAACGGAGAATACGACTACTGGGGCCAAGGGACTCAAGTGACCGTGTCGTCT,plasmid,20-30,s326,BC23,tcgtcggcagcgtcagatgtgtataagagacagGTTAtcgaatgatgacgacgacaagTC,GAAGTGCAGCTGGTTGAGTCGGGTGGAGGGCTTGTTCAGCCTGGAGGGTCGCTGGACTTGTCTTGCGCCGCGTCCGGCTTCACGTTGGATTATCTTGCCATTGGATGGTTCGACCAAGCACCTGGAAAAGAGCACGAAGGAGTAAGTTGTGTTTCGTCTTCAGGACAGTATACATATTACGCTGACTCTGTCAAGGGGCGTTTTACTATTTCGACTGACAATGCGGAATCTACTGTTTATTTGCAAATGAATTCTCTTAAACCGGAGGATACCGCTGTGTATTACTGTGCAACAGATCCAGAGTGTTATCGCGTTAACGGATATTATAACGGAGAATACGACTACTGGGGCCAAGGGACTCAAGTGACCGTGTCGTCT,TRUE,NO SEQUENCE FOUND,FALSE,,58.826,,,,,,,
HTP0006.H3,GAAGTGCAGCTGGTTGAGTCGGGTGGAGGGCTTGTTCAGCCTGGAGGGTCGCTGCGGTTGTCTTGCGCCGCGTCCGGCTTCACGTTGGATTATCTTGCCATTGGATGGTTCCGGCAAGCACCTGGAAAAGAGCGGGAAGGAGTAAGTTGTGTTTCGTCTTCAGGACAGTATACATATTACGCTGACTCTGTCTACGGGCGTTTTACTATTTCGCGGGACAATGCGGAATCTACTGTTTATTTGCAAATGAATTCTCTTAAACCGGAGGATACCGCTGTGTATTACTGTGCAACAGATCCAGAGTGTTATCGCGTTTGTGGATATTATAACGGAGAATACGACTACTGGGGCCAAGGGACTCAAGTGACCGTGTCGTCT,plasmid,20-30,s326,BC24,tcgtcggcagcgtcagatgtgtataagagacagAGATtcgaatgatgacgacgacaagTC,GAAGTGCAGCTGGTTGAGTCGGGTGGAGGGCTTGTTCAGCCTGGAGGGTCGCTGCGGTTGTCTTGCGCCGCGTCCGGCTTCACGTTGGATTATCTTGCCATTGGATGGTTCCGGCAAGCACCTGGAAAAGAGCGGGAAGGAGTAAGTTGTGTTTCGTCTTCAGGACAGTATACATATTACGCTGACTCTGTCTACGGGCGTTTTACTATTTCGCGGGACAATGCGGAATCTACTGTTTATTTGCAAATGAATTCTCTTAAACCGGAGGATACCGCTGTGTATTACTGTGCAACAGATCCAGAGTGTTATCGCGTTTGTGGATATTATAACGGAGAATACGACTACTGGGGCCAAGGGACTCAAGTGACCGTGTCGTCT,TRUE,NO SEQUENCE FOUND,FALSE,,112.801,,,,,,,
HTP0006.A4,GAAGTGCAGCTGGTTGAGTCGGGTGGAGGGCTTGTTCAGCCTGGAGGGTCGCTGGACTTGTCTTGCGCCGCGTCCGGCTTCACGTTGGATTATCTTGCCATTGGATGGTTCGACCAAGCACCTGGAAAAGAGCACGAAGGAGTAAGTTGTGTTTCGTCTTCAGGACAGTATACATATTACGCTGACTCTGTCCCGGGGCGTTTTACTATTTCGGGGGACAATGCGGAATCTACTGTTTATTTGCAAATGAATTCTCTTAAACCGGAGGATACCGCTGTGTATTACTGTGCAACAGATCCAGAGTGTTATCGCGTTAACGGATATTATAACGGAGAATACGACTACTGGGGCCAAGGGACTCAAGTGACCGTGTCGTCT,plasmid,20-30,s326,BC25,tcgtcggcagcgtcagatgtgtataagagacagGGTTtcgaatgatgacgacgacaagTC,GAAGTGCAGCTGGTTGAGTCGGGTGGAGGGCTTGTTCAGCCTGGAGGGTCGCTGCGGTTGTCTTGCGCCGCGTCCGGCTTCACGTTGGATTATCTTGCCATTGGATGGTTCCAGCAAGCACCTGGAAAAGAGTTGGAAGGAGTAAGTTGTGTTTCGTCTTCAGGACAGTATACATATTACGCTGACTCTGTCCCGGGGCGTTTTACTATTTCGCACGACAATGCGGAATCTACTGTTTATTTGCAAATGAATTCTCTTAAACCGGAGGATACCGCTGTGTATTACTGTGCAACAGATCCAGAGTGTTATCGCGTTCGGGGATATTATAACGGAGAATACGACTACTGGGGCCAAGGGACTCAAGTGACCGTGTCGTCT,FALSE,NO SEQUENCE FOUND,FALSE,NO COLONIES,53.392,,,,,,,
HTP0006.B4,GAAGTGCAGCTGGTTGAGTCGGGTGGAGGGCTTGTTCAGCCTGGAGGGTCGCTGGACTTGTCTTGCGCCGCGTCCGGCTTCACGTTGGATTATCTTGCCATTGGATGGTTCCCGCAAGCACCTGGAAAAGAGGCTGAAGGAGTAAGTTGTGTTTCGTCTTCAGGACAGTATACATATTACGCTGACTCTGTCAAGGGGCGTTTTACTATTTCGGGGGACAATGCGGAATCTACTGTTTATTTGCAAATGAATTCTCTTAAACCGGAGGATACCGCTGTGTATTACTGTGCAACAGATCCAGAGTGTTATCGCGTTAACGGATATTATAACGGAGAATACGACTACTGGGGCCAAGGGACTCAAGTGACCGTGTCGTCT,plasmid,20-30,s326,BC26,tcgtcggcagcgtcagatgtgtataagagacagACTAtcgaatgatgacgacgacaagTC,GAAGTGCAGCTGGTTGAGTCGGGTGGAGGGCTTGTTCAGCCTGGAGGGTCGCTGGACTTGTCTTGCGCCGCGTCCGGCTTCACGTTGGATTATCTTGCCATTGGATGGTTCGACCAAGCACCTGGAAAAGAGGCTGAAGGAGTAAGTTGTGTTTCGTCTTCAGGACAGTATACATATTACGCTGACTCTGTCAAGGGGCGTTTTACTATTTCGTGGGACAATGCGGAATCTACTGTTTATTTGCAAATGAATTCTCTTAAACCGGAGGATACCGCTGTGTATTACTGTGCAACAGATCCAGAGTGTTATCGCGTTAACGGATATTATAACGGAGAATACGACTACTGGGGCCAAGGGACTCAAGTGACCGTGTCGTCT,FALSE,NO SEQUENCE FOUND,FALSE,NO COLONIES,64.861,,,,,,,
HTP0006.C4,GAAGTGCAGCTGGTTGAGTCGGGTGGAGGGCTTGTTCAGCCTGGAGGGTCGCTGGACTTGTCTTGCGCCGCGTCCGGCTTCACGTTGGATTATCTTGCCATTGGATGGTTCCCGCAAGCACCTGGAAAAGAGGCTGAAGGAGTAAGTTGTGTTTCGTCTTCAGGACAGTATACATATTACGCTGACTCTGTCAAGGGGCGTTTTACTATTTCGAAGGACAATGCGGAATCTACTGTTTATTTGCAAATGAATTCTCTTAAACCGGAGGATACCGCTGTGTATTACTGTGCAACAGATCCAGAGTGTTATCGCGTTAACGGATATTATAACGGAGAATACGACTACTGGGGCCAAGGGACTCAAGTGACCGTGTCGTCT,plasmid,20-30,s326,BC27,tcgtcggcagcgtcagatgtgtataagagacagATCAtcgaatgatgacgacgacaagTC,GAAGTGCAGCTGGTTGAGTCGGGTGGAGGGCTTGTTCAGCCTGGAGGGTCGCTGGCTTTGTCTTGCGCCGCGTCCGGCTTCACGTTGGATTATCTTGCCATTGGATGGTTCCAGCAAGCACCTGGAAAAGAGCGGGAAGGAGTAAGTTGTGTTTCGTCTTCAGGACAGTATACATATTACGCTGACTCTGTCTTGGGGCGTTTTACTATTTCGCGGGACAATGCGGAATCTACTGTTTATTTGCAAATGAATTCTCTTAAACCGGAGGATACCGCTGTGTATTACTGTGCAACAGATCCAGAGTGTTATCGCGTTAACGGATATTATAACGGAGAATACGACTACTGGGGCCAAGGGACTCAAGTGACCGTGTCGTCT,FALSE,NO SEQUENCE FOUND,FALSE,NO COLONIES,63.571,,,,,,,
HTP0006.D4,GAAGTGCAGCTGGTTGAGTCGGGTGGAGGGCTTGTTCAGCCTGGAGGGTCGCTGGCTTTGTCTTGCGCCGCGTCCGGCTTCACGTTGGATTATCTTGCCATTGGATGGTTCCAGCAAGCACCTGGAAAAGAGCGGGAAGGAGTAAGTTGTGTTTCGTCTTCAGGACAGTATACATATTACGCTGACTCTGTCTTGGGGCGTTTTACTATTTCGCGGGACAATGCGGAATCTACTGTTTATTTGCAAATGAATTCTCTTAAACCGGAGGATACCGCTGTGTATTACTGTGCAACAGATCCAGAGTGTTATCGCGTTGGGGGATATTATAACGGAGAATACGACTACTGGGGCCAAGGGACTCAAGTGACCGTGTCGTCT,plasmid,20-30,s326,BC28,tcgtcggcagcgtcagatgtgtataagagacagTCTAtcgaatgatgacgacgacaagTC,GAAGTGCAGCTGGTTGAGTCGGGTGGAGGGCTTGTTCAGCCTGGAGGGTCGCTGGCTTTGTCTTGCGCCGCGTCCGGCTTCACGTTGGATTATCTTGCCATTGGATGGTTCCAGCAAGCACCTGGAAAAGAGCGGGAAGGAGTAAGTTGTGTTTCGTCTTCAGGACAGTATACATATTACGCTGACTCTGTCTTGGGGCGTTTTACTATTTCGCGGGACAATGCGGAATCTACTGTTTATTTGCAAATGAATTCTCTTAAACCGGAGGATACCGCTGTGTATTACTGTGCAACAGATCCAGAGTGTTATCGCGTTGGGGGATATTATAACGGAGAATACGACTACTGGGGCCAAGGGACTCAAGTGACCGTGTCGTCT,TRUE,NO SEQUENCE FOUND,FALSE,,61.894,,,,,,,
HTP0006.E4,GAAGTGCAGCTGGTTGAGTCGGGTGGAGGGCTTGTTCAGCCTGGAGGGTCGCTGGGGTTGTCTTGCGCCGCGTCCGGCTTCACGTTGGATTATCTTGCCATTGGATGGTTCCGGCAAGCACCTGGAAAAGAGCGGGAAGGAGTAAGTTGTGTTTCGTCTTCAGGACAGTATACATATTACGCTGACTCTGTCACTGGGCGTTTTACTATTTCGACTGACAATGCGGAATCTACTGTTTATTTGCAAATGAATTCTCTTAAACCGGAGGATACCGCTGTGTATTACTGTGCAACAGATCCAGAGTGTTATCGCGTTCGGGGATATTATAACGGAGAATACGACTACTGGGGCCAAGGGACTCAAGTGACCGTGTCGTCT,plasmid,20-30,s326,BC29,tcgtcggcagcgtcagatgtgtataagagacagTTTTtcgaatgatgacgacgacaagTC,NO SEQUENCE FOUND,FALSE,NO SEQUENCE FOUND,FALSE,NO SEQUENCE,76.035,,,,,,,
HTP0006.F4,GAAGTGCAGCTGGTTGAGTCGGGTGGAGGGCTTGTTCAGCCTGGAGGGTCGCTGGACTTGTCTTGCGCCGCGTCCGGCTTCACGTTGGATTATCTTGCCATTGGATGGTTCGACCAAGCACCTGGAAAAGAGCACGAAGGAGTAAGTTGTGTTTCGTCTTCAGGACAGTATACATATTACGCTGACTCTGTCAAGGGGCGTTTTACTATTTCGGGGGACAATGCGGAATCTACTGTTTATTTGCAAATGAATTCTCTTAAACCGGAGGATACCGCTGTGTATTACTGTGCAACAGATCCAGAGTGTTATCGCGTTAACGGATATTATAACGGAGAATACGACTACTGGGGCCAAGGGACTCAAGTGACCGTGTCGTCT,plasmid,20-30,s326,BC30,tcgtcggcagcgtcagatgtgtataagagacagTTGGtcgaatgatgacgacgacaagTC,GAAGTGCAGCTGGTTGAGTCGGGTGGAGGGCTTGTTCAGCCTGGAGGGTCGCTGGACTTGTCTTGCGCCTCGTCCGGCTTCACGTTGGATTATCTTGCCATTGGATGGTTCGACCAAGCACCTGGAAAAGAGCACGAAGGAGTAAGTTGTGTTTCGTCTTCAGGACAGTATACATATTACGCTGACTCTGTCAAGGGGCGTTTTACTATTTCGGGGGACAATGCGGAATCTACTGTTTATTTGCAAATGAATTCTCTTAAACCGGAGGATACCGCTGTGTATTACTGTGCAACAGATCCAGAGTGTTATCGCGTTAACGGATATTATAACGGAGAATACGACTACTGGGGCCAAGGGACTCAAGTGACCGTGTCGTCT,FALSE,GAAGTGCAGCTGGTTGAGTCGGGTGGAGGGCTTGTTCAGCCTGGAGGGTCGCTGGACTTGTCTTGCGCCGCGTCCGGCTTCACGTTGGATTATCTTGCCATTGGATGGTTCGACCAAGCACCTGGAAAAGAGCACGAAGGAGTAAGTTGTGTTTCGTCTTCAGGACAGTATACATATTACGCTGACTCTGTCAAGGGGCGTTTTACTATTTCGGGGGACAATGCGGAATCTACTGTTTATTTGCAAATGAATTCTCTTAAACCGGAGGATACCGCTGTGTATTACTGTGCAACAGATCCAGAGTGTTATCGCGTTAACGGATATTATAACGGAGAATACGACTACTGGGGCCAAGGGACTCAAGTGACCGTGTCGTCT,TRUE,POINT MUTATION,52.894,,,,,,,
HTP0006.G4,GAAGTGCAGCTGGTTGAGTCGGGTGGAGGGCTTGTTCAGCCTGGAGGGTCGCTGCGGTTGTCTTGCGCCGCGTCCGGCTTCACGTTGGATTATCTTGCCATTGGATGGTTCCGGCAAGCACCTGGAAAAGAGCGGGAAGGAGTAAGTTGTGTTTCGTCTTCAGGACAGTATACATATTACGCTGACTCTGTCAAGGGGCGTTTTACTATTTCGCGGGACAATGCGGAATCTACTGTTTATTTGCAAATGAATTCTCTTAAACCGGAGGATACCGCTGTGTATTACTGTGCAACAGATCCAGAGTGTTATCGCGTTGGGGGATATTATAACGGAGAATACGACTACTGGGGCCAAGGGACTCAAGTGACCGTGTCGTCT,plasmid,20-30,s326,BC31,tcgtcggcagcgtcagatgtgtataagagacagGCTTtcgaatgatgacgacgacaagTC,INDELS! GAAGTGCAGCTGGTTGAGTCGGGTGGAGGGCTTGTTCAGCCTGGAGGGTCGCTGCGGTTGTCTTGCGCCGCGTCCGGCTTCACGTTGGATTATCTTGCCATTGGATGGTTCCGGCAAGCACCTGGAAAAGAGCGGGAAGGAGTAAGTTGTGTTTCGTCTTCAGGACAGTATACATATTACGCTGACTCTGTCAAGGGGCGTTTTACTATTTCGCGGGACAATGCGGAATCTACTGTTTATTTGCAAATGAATTCTCTTAAACCGGAGGATACCGCTGTGTATTACTGTGCAACAGATCCAGAGTGTTATCGCGTTGGGGGATATTTATAACGGAGAATACGACTACTGGGGCCAAGGGACTCAAGTGACCGTGTCGTCT,FALSE,GAAGTGCAGCTGGTTGAGTCGGGTGGAGGGCTTGTTCAGCCTGGAGGGTCGCTGCGGTTGTCTTGCGCCGCGTCCGGCTTCACGTTGGATTATCTTGCCATTGGATGGTTCCGGCAAGCACCTGGAAAAGAGCGGGAAGGAGTAAGTTGTGTTTCGTCTTCAGGACAGTATACATATTACGCTGACTCTGTCAAGGGGCGTTTTACTATTTCGCGGGACAATGCGGAATCTACTGTTTATTTGCAAATGAATTCTCTTAAACCGGAGGATACCGCTGTGTATTACTGTGCAACAGATCCAGAGTGTTATCGCGTTAACGGATATTATAACGGAGAATACGACTACTGGGGCCAAGGGACTCAAGTGACCGTGTCGTCT,FALSE,INDEL,51.899,,,,,,,
HTP0006.H4,GAAGTGCAGCTGGTTGAGTCGGGTGGAGGGCTTGTTCAGCCTGGAGGGTCGCTGCGGTTGTCTTGCGCCGCGTCCGGCTTCACGTTGGATTATCTTGCCATTGGATGGTTCTTGCAAGCACCTGGAAAAGAGGGGGAAGGAGTAAGTTGTGTTTCGTCTTCAGGACAGTATACATATTACGCTGACTCTGTCACTGGGCGTTTTACTATTTCGCGGGACAATGCGGAATCTACTGTTTATTTGCAAATGAATTCTCTTAAACCGGAGGATACCGCTGTGTATTACTGTGCAACAGATCCAGAGTGTTATCGCGTTTTGGGATATTATAACGGAGAATACGACTACTGGGGCCAAGGGACTCAAGTGACCGTGTCGTCT,plasmid,20-30,s326,BC32,tcgtcggcagcgtcagatgtgtataagagacagCTGGtcgaatgatgacgacgacaagTC,GAAGTGCAGCTGGTTGAGTCGGGTGGAGGGCTTGTTCAGCCTGGAGGGTCGCTGCGGTTGTCTTGCGCCGCGTCCGGCTTCACGTTGGATTATCTTGCCATTGGATGGTTCTTGCAAGCACCTGGAAAAGAGGGGGAAGGAGTAAGTTGTGTTTCGTCTTCAGGACAGTATACATATTACGCTGACTCTGTCACTGGGCGTTTTACTATTTCGCGGGACAATGCGGAATCTACTGTTTATTTGCAAATGAATTCTCTTAAACCGGAGGATACCGCTGTGTATTACTGTGCAACAGATCCAGAGTGTTATCGCGTTTTGGGATATTATAACGGAGAATACGACTACTGGGGCCAAGGGACTCAAGTGACCGTGTCGTCT,TRUE,NO SEQUENCE FOUND,FALSE,,63.767,,,,,,,
HTP0006.A5,GAAGTGCAGCTGGTTGAGTCGGGTGGAGGGCTTGTTCAGCCTGGAGGGTCGCTGGACTTGTCTTGCGCCGCGTCCGGCTTCACGTTGGATTATCTTGCCATTGGATGGTTCCCGCAAGCACCTGGAAAAGAGGCTGAAGGAGTAAGTTGTGTTTCGTCTTCAGGACAGTATACATATTACGCTGACTCTGTCAAGGGGCGTTTTACTATTTCGGAGGACAATGCGGAATCTACTGTTTATTTGCAAATGAATTCTCTTAAACCGGAGGATACCGCTGTGTATTACTGTGCAACAGATCCAGAGTGTTATCGCGTTAACGGATATTATAACGGAGAATACGACTACTGGGGCCAAGGGACTCAAGTGACCGTGTCGTCT,plasmid,20-30,s326,BC33,tcgtcggcagcgtcagatgtgtataagagacagGCCCtcgaatgatgacgacgacaagTC,GAAGTGCAGCTGGTTGAGTCGGGTGGAGGGCTTGTTCAGCCTGGAGGGTCGCTGGACTTGTCTTGCGCCGCGTCCGGCTTCACGTTGGATTATCTTGCCATTGGATGGTTCCCGCAAGCACCTGGAAAAGAGGCTGAAGGAGTAAGTTGTGTTTCGTCTTCAGGACAGTATACATATTACGCTGACTCTGTCAAGGGGCGTTTTACTATTTCGGAGGACAATGCGGAATCTACTGTTTATTTGCAAATGAATTCTCTTAAACCGGAGGATACCGCTGTGTATTACTGTGCAACAGATCCAGAGTGTTATCGCGTTAACGGATATTATAACGGAGAATACGACTACTGGGGCCAAGGGACTCAAGTGACCGTGTCGTCT,TRUE,NO SEQUENCE FOUND,FALSE,,53.315,,,,,,,
HTP0006.B5,GAAGTGCAGCTGGTTGAGTCGGGTGGAGGGCTTGTTCAGCCTGGAGGGTCGCTGGACTTGTCTTGCGCCGCGTCCGGCTTCACGTTGGATTATCTTGCCATTGGATGGTTCCCGCAAGCACCTGGAAAAGAGGCTGAAGGAGTAAGTTGTGTTTCGTCTTCAGGACAGTATACATATTACGCTGACTCTGTCAAGGGGCGTTTTACTATTTCGTACGACAATGCGGAATCTACTGTTTATTTGCAAATGAATTCTCTTAAACCGGAGGATACCGCTGTGTATTACTGTGCAACAGATCCAGAGTGTTATCGCGTTAACGGATATTATAACGGAGAATACGACTACTGGGGCCAAGGGACTCAAGTGACCGTGTCGTCT,plasmid,20-30,s326,BC34,tcgtcggcagcgtcagatgtgtataagagacagAGCTtcgaatgatgacgacgacaagTC,GAAGTGCAGCTGGTTGAGTCGGGTGGAGGGCTTGTTCAGCCTGGAGGGTCGCTGGACTTGTCTTGCGCCGCGTCCGGCTTCACGTTGGATTATCTTGCCATTGGATGGTTCCCGCAAGCACCTGGAAAAGAGGCTGAAGGAGTAAGTTGTGTTTCGTCTTCAGGACAGTATACATATTACGCTGACTCTGTCAAGGGGCGTTTTACTATTTCGTACGACAATGCGGAATCTACTGTTTATTTGCAAATGAATTCTCTTAAACCGGAGGATACCGCTGTGTATTACTGTGCAACAGATCCAGAGTGTTATCGCGTTAACGGATATTATAACGGAGAATACGACTACTGGGGCCAAGGGACTCAAGTGACCGTGTCGTCT,TRUE,INDELS! GAAGTGCAGCTGGTTGAGTCGGGTGGAGGGCTTGTTCAGCCTGGAGGGTCGCTGGACTTGTCTTGCGCCGCGTCCGGCTTCACGTTGGATTATCTTGCCATTGGATGGTTCCCCAAGCACCTGGAAAAGAGGCTGAAGGAGTAAGTTGTGTTTCGTCTTCAGGACAGTATACATATTACGCTGACTCTGTCAAGGGGCGTTTTACTATTTCGTACGACAATGCGGAATCTACTGTTTATTTGCAAATGAATTCTCTTAAACCGGAGGATACCGCTGTGTATTACTGTGCAACAGATCCAGAGTGTTATCGCGTTAACGGATATTATAACGGAGAATACGACTACTGGGGCCAAGGGACTCAAGTGACCGTGTCGTCT,FALSE,,67.254,,,,,,,
HTP0006.C5,GAAGTGCAGCTGGTTGAGTCGGGTGGAGGGCTTGTTCAGCCTGGAGGGTCGCTGCGGTTGTCTTGCGCCGCGTCCGGCTTCACGTTGGATTATCTTGCCATTGGATGGTTCCGGCAAGCACCTGGAAAAGAGCGGGAAGGAGTAAGTTGTGTTTCGTCTTCAGGACAGTATACATATTACGCTGACTCTGTCAAGGGGCGTTTTACTATTTCGCGGGACAATGCGGAATCTACTGTTTATTTGCAAATGAATTCTCTTAAACCGGAGGATACCGCTGTGTATTACTGTGCAACAGATCCAGAGTGTTATCGCGTTTCTGGATATTATAACGGAGAATACGACTACTGGGGCCAAGGGACTCAAGTGACCGTGTCGTCT,plasmid,20-30,s326,BC35,tcgtcggcagcgtcagatgtgtataagagacagTACCtcgaatgatgacgacgacaagTC,GAAGTGCAGCTGGTTGAGTCGGGTGGAGGGCTTGTTCAGCCTGGAGGGTCGCTGCGGTTGTCTTGCGCCGCGTCCGGCTTCACGTTGGATTATCTTGCCATTGGATGGTTCCGGCAAGCACCTGGAAAAGAGCGGGAAGGAGTAAGTTGTGTTTCGTCTTCAGGACAGTATACATATTACGCTGACTCTGTCAAGGGGCGTTTTACTATTTCGCGGGACAATGCGGAATCTACTGTTTATTTGCAAATGAATTCTCTTAAACCGGAGGATACCGCTGTGTATTACTGTGCAACAGATCCAGAGTGTTATCGCGTTTCTGGATATTATAACGGAGAATACGACTACTGGGGCCAAGGGACTCAAGTGACCGTGTCGTCT,TRUE,NO SEQUENCE FOUND,FALSE,,181.776,,,,,,,
HTP0006.D5,GAAGTGCAGCTGGTTGAGTCGGGTGGAGGGCTTGTTCAGCCTGGAGGGTCGCTGCAGTTGTCTTGCGCCGCGTCCGGCTTCACGTTGGATTATCTTGCCATTGGATGGTTCCGGCAAGCACCTGGAAAAGAGCGGGAAGGAGTAAGTTGTGTTTCGTCTTCAGGACAGTATACATATTACGCTGACTCTGTCAAGGGGCGTTTTACTATTTCGCGGGACAATGCGGAATCTACTGTTTATTTGCAAATGAATTCTCTTAAACCGGAGGATACCGCTGTGTATTACTGTGCAACAGATCCAGAGTGTTATCGCGTTAACGGATATTATAACGGAGAATACGACTACTGGGGCCAAGGGACTCAAGTGACCGTGTCGTCT,plasmid,20-30,s326,BC36,tcgtcggcagcgtcagatgtgtataagagacagGTCCtcgaatgatgacgacgacaagTC,GAAGTGCAGCTGGTTGAGTCGGGTGGAGGGCTTGTTCAGCCTGGAGGGTCGCTGCAGTTGTCTTGCGCCGCGTCCGGCTTCACGTTGGATTATCTTGCCATTGGATGGTTCCGGCAAGCACCTGGAAAAGAGCGGGAAGGAGTAAGTTGTGTTTCGTCTTCAGGACAGTATACATATTACGCTGACTCTGTCAAGGGGCGTTTTACTATTTCGCGGGACAATGCGGAATCTACTGTTTATTTGCAAATGAATTCTCTTAAACCGGAGGATACCGCTGTGTATTACTGTGCAACAGATCCAGAGTGTTATCGCGTTAACGGATATTATAACGGAGAATACGACTACTGGGGCCAAGGGACTCAAGTGACCGTGTCGTCT,TRUE,NO SEQUENCE FOUND,FALSE,,118.548,,,,,,,
HTP0006.E5,GAAGTGCAGCTGGTTGAGTCGGGTGGAGGGCTTGTTCAGCCTGGAGGGTCGCTGAAGTTGTCTTGCGCCGCGTCCGGCTTCACGTTGGATTATCTTGCCATTGGATGGTTCCGGCAAGCACCTGGAAAAGAGCGGGAAGGAGTAAGTTGTGTTTCGTCTTCAGGACAGTATACATATTACGCTGACTCTGTCAAGGGGCGTTTTACTATTTCGCGGGACAATGCGGAATCTACTGTTTATTTGCAAATGAATTCTCTTAAACCGGAGGATACCGCTGTGTATTACTGTGCAACAGATCCAGAGTGTTATCGCGTTAACGGATATTATAACGGAGAATACGACTACTGGGGCCAAGGGACTCAAGTGACCGTGTCGTCT,plasmid,20-30,s326,BC37,tcgtcggcagcgtcagatgtgtataagagacagTATGtcgaatgatgacgacgacaagTC,GAAGTGCAGCTGGTTGAGTCGGGTGGAGGGCTTGTTCAGCCTGGAGGGTCGCTGAAGTTGTCTTGCGCCGCGTCCGGCTTCACGTTGGATTATCTTGCCATTGGATGGTTCCGGCAAGCACCTGGAAAAGAGCGGGAAGGAGTAAGTTGTGTTTCGTCTTCAGGACAGTATACATATTACGCTGACTCTGTCAAGGGGCGTTTTACTATTTCGCGGGACAATGCGGAATCTACTGTTTATTTGCAAATGAATTCTCTTAAACCGGAGGATACCGCTGTGTATTACTGTGCAACAGATCCAGAGTGTTATCGCGTTAACGGATATTATAACGGATAATACGACTACTGGGGCCAAGGGACTCAAGTGACCGTGTCGTCT,FALSE,GAAGTGCAGCTGGTTGAGTCGGGTGGAGGGCTTGTTCAGCCTGGAGGGTCGCTGAAGTTGTCTTGCGCCGCGTCCGGCTTCACGTTGGATTATCTTGCCATTGGATGGTTCCGGCAAGCACCTGGAAAAGAGCGGGAAGGAGTAAGTTGTGTTTCGTCTTCAGGACAGTATACATATTACGCTGACTCTGTCAAGGGGCGTTTTACTATTTCGCGGGACAATGCGGAATCTACTGTTTATTTGCAAATGAATTCTCTTAAACCGGAGGATACCGCTGTGTATTACTGTGCAACAGATCCAGAGTGTTATCGCGTTAACGGATATTATAACGGAGAATACGACTACTGGGGCCAAGGGACTCAAGTGACCGTGTCGTCT,TRUE,POINT MUTATION,52.702,,,,,,,
HTP0006.F5,GAAGTGCAGCTGGTTGAGTCGGGTGGAGGGCTTGTTCAGCCTGGAGGGTCGCTGGACTTGTCTTGCGCCGCGTCCGGCTTCACGTTGGATTATCTTGCCATTGGATGGTTCGACCAAGCACCTGGAAAAGAGGCTGAAGGAGTAAGTTGTGTTTCGTCTTCAGGACAGTATACATATTACGCTGACTCTGTCAAGGGGCGTTTTACTATTTCGTACGACAATGCGGAATCTACTGTTTATTTGCAAATGAATTCTCTTAAACCGGAGGATACCGCTGTGTATTACTGTGCAACAGATCCAGAGTGTTATCGCGTTAACGGATATTATAACGGAGAATACGACTACTGGGGCCAAGGGACTCAAGTGACCGTGTCGTCT,plasmid,20-30,s326,BC38,tcgtcggcagcgtcagatgtgtataagagacagACCTtcgaatgatgacgacgacaagTC,INDELS! GAAGTGCAGCTGGTTGAGTCGGGTGGAGGGCTTGTTCAGCCTGGAGGGTCGCTGGACTTGTCTTGCGCCGCGTCCGGCTTCACGTTGGATTATCTTGCCATTGGATGGTTCGACCAAGCACCTGGAAAAGAGGCTGAGAGTAAGTTGTGTTTCGTCTTCAGGACAGTATACATATTACGCTGACTCTGTCAAGGGGCGTTTTACTATTTCGTACGACAATGCGGAATCTACTGTTTATTTGCAAATGAATTCTCTTAAACCGGAGGATACCGCTGTGTATTACTGTGCAACAGATCCAGAGTGTTATCGCGTTAACGGATATTATAACGGAGAATACGACTACTGGGGCCAAGGGACTCAAGTGACCGTGTCGTCT,FALSE,GAAGTGCAGCTGGTTGAGTCGGGTGGAGGGCTTGTTCAGCCTGGAGGGTCGCTGGACTTGTCTTGCGCCGCGTCCGGCTTCACGTTGGATTATCTTGCCATTGGATGGTTCGACCAAGCACCTGGAAAAGAGGCTGAAGGAGTAAGTTGTGTTTCGTCTTCAGGACAGTATACATATTACGCTGACTCTGTCAAGGGGCGTTTTACTATTTCGTACGACAATGCGGAATCTACTGTTTATTTGCAAATGAATTCTCTTAAACCGGAGGATACCGCTGTGTATTACTGTGCAACAGATCCAGAGTGTTATCGCGTTAACGGATATTATAACGGAGAATACGACTACTGGGGCCAAGGGACTCAAGTGACCGTGTCGTCT,TRUE,INDEL,64.314,,,,,,,
HTP0006.G5,GAAGTGCAGCTGGTTGAGTCGGGTGGAGGGCTTGTTCAGCCTGGAGGGTCGCTGGACTTGTCTTGCGCCGCGTCCGGCTTCACGTTGGATTATCTTGCCATTGGATGGTTCGACCAAGCACCTGGAAAAGAGGCTGAAGGAGTAAGTTGTGTTTCGTCTTCAGGACAGTATACATATTACGCTGACTCTGTCAAGGGGCGTTTTACTATTTCGGAGGACAATGCGGAATCTACTGTTTATTTGCAAATGAATTCTCTTAAACCGGAGGATACCGCTGTGTATTACTGTGCAACAGATCCAGAGTGTTATCGCGTTAACGGATATTATAACGGAGAATACGACTACTGGGGCCAAGGGACTCAAGTGACCGTGTCGTCT,plasmid,20-30,s326,BC39,tcgtcggcagcgtcagatgtgtataagagacagGGTCtcgaatgatgacgacgacaagTC,GAAGTGCAGCTGGTTGAGTCGGGTGGAGGGCTTGTTCAGCCTGGAGGGTCGCTGGACTTGTCTTGCGCCGCGTCCGGCTTCACGTTGGATTATCTTGCCATTGGATGGTTCGACCAAGCACCTGGAAAAGAGGCTGAAGGGGTAAGTTGTGTTTCGTCTTCAGGACAGTATACATATTACGCTGACTCTGTCAAGGGGCGTTTTACTATTTCGGAGGACAATGCGGAATCTACTGTTTATTTGCAAATGAATTCTCTTAAACCGGAGGATACCGCTGTGTATTACTGTGCAACAGATCCAGAGTGTTATCGCGTTAACGGATATTATAACGGAGAATACGACTACTGGGGCCAAGGGACTCAAGTGACCGTGTCGTCT,FALSE,NO SEQUENCE FOUND,FALSE,POINT MUTATION,50.296,,,,,,,
HTP0006.H5,GAAGTGCAGCTGGTTGAGTCGGGTGGAGGGCTTGTTCAGCCTGGAGGGTCGCTGCGGTTGTCTTGCGCCGCGTCCGGCTTCACGTTGGATTATCTTGCCATTGGATGGTTCTCTCAAGCACCTGGAAAAGAGGGGGAAGGAGTAAGTTGTGTTTCGTCTTCAGGACAGTATACATATTACGCTGACTCTGTCTCTGGGCGTTTTACTATTTCGGTTGACAATGCGGAATCTACTGTTTATTTGCAAATGAATTCTCTTAAACCGGAGGATACCGCTGTGTATTACTGTGCAACAGATCCAGAGTGTTATCGCGTTCGGGGATATTATAACGGAGAATACGACTACTGGGGCCAAGGGACTCAAGTGACCGTGTCGTCT,plasmid,20-30,s326,BC40,tcgtcggcagcgtcagatgtgtataagagacagCCTGtcgaatgatgacgacgacaagTC,GAAGTGCAGCTGGTTGAGTCGGGTGGAGGGCTTGTTCAGCCTGGAGGGTCGCTGCGGTTGTCTTGCGCCGCGTCCGGCTTCACGTTGGATTATCTTGCCATTGGATGGTTCTCTCAAGCACCTGGAAAAGAGGGGGAAGGAGTAAGTTGTGTTTCGTCTTCAGGACAGTATACATATTACGCTGACTCTGTCTCTGGGCGTTTTACTATTTCGGTTGACAATGCGGAATCTACTGTTTATTTGCAAATGAATTCTCTTAAACCGGAGGATACCGCTGTGTATTACTGTGCAACAGATCCAGAGTGTTATCGCGTTCGGGGATATTATAACGGAGAATACGACTACTGGGGCCAAGGGACTCAAGTGACCGTGTCGTCT,TRUE,NO SEQUENCE FOUND,FALSE,,65.723,,,,,,,
HTP0006.A6,GAAGTGCAGCTGGTTGAGTCGGGTGGAGGGCTTGTTCAGCCTGGAGGGTCGCTGCGGTTGTCTTGCGCCGCGTCCGGCTTCACGTTGGATTATCTTGCCATTGGATGGTTCCGGCAAGCACCTGGAAAAGAGCGGGAAGGAGTAAGTTGTGTTTCGTCTTCAGGACAGTATACATATTACGCTGACTCTGTCAAGGGGCGTTTTACTATTTCGCGGGACAATGCGGAATCTACTGTTTATTTGCAAATGAATTCTCTTAAACCGGAGGATACCGCTGTGTATTACTGTGCAACAGATCCAGAGTGTTATCGCGTTCGGGGATATTATAACGGAGAATACGACTACTGGGGCCAAGGGACTCAAGTGACCGTGTCGTCT,plasmid,20-30,s326,BC41,tcgtcggcagcgtcagatgtgtataagagacagATCTtcgaatgatgacgacgacaagTC,GAAGTGCAGCTGGTTGAGTCGGGTGGAGGGCTTGTTCAGCCTGGAGGGTCGCTGGACTTGTCTTGCGCCGCGTCCGGCTTCACGTTGGATTATCTTGCCATTGGATGGTTCCCGCAAGCACCTGGAAAAGAGGCTGAAGGAGTAAGTTGTGTTTCGTCTTCAGGACAGTATACATATTACGCTGACTCTGTCAAGGGGCGTTTTACTATTTCGGAGGACAATGCGGAATCTACTGTTTATTTGCAAATGAATTCTCTTAAACCGGAGGATACCGCTGTGTATTACTGTGCAACAGATCCAGAGTGTTATCGCGTTAACGGATATTATAACGGAGAATACGACTACTGGGGCCAAGGGACTCAAGTGACCGTGTCGTCT,FALSE,NO SEQUENCE FOUND,FALSE,NO COLONIES,51.708,,,,,,,
HTP0006.B6,GAAGTGCAGCTGGTTGAGTCGGGTGGAGGGCTTGTTCAGCCTGGAGGGTCGCTGGACTTGTCTTGCGCCGCGTCCGGCTTCACGTTGGATTATCTTGCCATTGGATGGTTCCGGCAAGCACCTGGAAAAGAGCGGGAAGGAGTAAGTTGTGTTTCGTCTTCAGGACAGTATACATATTACGCTGACTCTGTCAAGGGGCGTTTTACTATTTCGCGGGACAATGCGGAATCTACTGTTTATTTGCAAATGAATTCTCTTAAACCGGAGGATACCGCTGTGTATTACTGTGCAACAGATCCAGAGTGTTATCGCGTTAACGGATATTATAACGGAGAATACGACTACTGGGGCCAAGGGACTCAAGTGACCGTGTCGTCT,plasmid,20-30,s326,BC42,tcgtcggcagcgtcagatgtgtataagagacagGCCGtcgaatgatgacgacgacaagTC,GAAGTGCAGCTGGTTGAGTCGGGTGGAGGGCTTGTTCAGCCTGGAGGGTCGCTGGACTTGTCTTGCGCCGCGTCCGGCTTCACGTTGGATTATCTTGCCATTGGATGGTTCCGGCAAGCACCTGGAAAAGAGCGGGAAGGAGTAAGTTGTGTTTCGTCTTCAGGACAGTATACATATTACGCTGACTCTGTCAAGGGGCGTTTTACTATTTCGCGGGACAATGCGGAATCTACTGTTTATTTGCAAATGAATTCTCTTAAACCGGAGGATACCGCTGTGTATTACTGTGCAACAGATCCAGAGTGTTATCGCGTTAACGGATATTATAACGGAGAATACGACTACTGGGGCCAAGGGACTCAAGTGACCGTGTCGTCT,TRUE,NO SEQUENCE FOUND,FALSE,,70.01,,,,,,,
HTP0006.C6,GAAGTGCAGCTGGTTGAGTCGGGTGGAGGGCTTGTTCAGCCTGGAGGGTCGCTGGCTTTGTCTTGCGCCGCGTCCGGCTTCACGTTGGATTATCTTGCCATTGGATGGTTCCAGCAAGCACCTGGAAAAGAGCGGGAAGGAGTAAGTTGTGTTTCGTCTTCAGGACAGTATACATATTACGCTGACTCTGTCTTGGGGCGTTTTACTATTTCGAACGACAATGCGGAATCTACTGTTTATTTGCAAATGAATTCTCTTAAACCGGAGGATACCGCTGTGTATTACTGTGCAACAGATCCAGAGTGTTATCGCGTTAACGGATATTATAACGGAGAATACGACTACTGGGGCCAAGGGACTCAAGTGACCGTGTCGTCT,plasmid,20-30,s326,BC43,tcgtcggcagcgtcagatgtgtataagagacagGAAAtcgaatgatgacgacgacaagTC,GAAGTGCAGCTGGTTGAGTCGGGTGGAGGGCTTGTTCAGCCTGGAGGGTCGCTGCGGTTGTCTTGCGCCGCGTCCGGCTTCACGTTGGATTATCTTGCCATTGGATGGTTCCGGCAAGCACCTGGAAAAGAGCGGGAAGGAGTAAGTTGTGTTTCGTCTTCAGGACAGTATACATATTACGCTGACTCTGTCAAGGGGCGTTTTACTATTTCGCGGGACAATGCGGAATCTACTGTTTATTTGCAAATGAATTCTCTTAAACCGGAGGATACCGCTGTGTATTACTGTGCAACAGATCCAGAGTGTTATCGCGTTTCTGGATATTATAACGGAGAATACGACTACTGGGGCCAAGGGACTCAAGTGACCGTGTCGTCT,FALSE,GAAGTGCAGCTGGTTGAGTCGGGTGGAGGGCTTGTTCAGCCTGGAGGGTCGCTGCGGTTGTCTTGCGCCGCGTCCGGCTTCACGTTGGATTATCTTGCCATTGGATGGTTCCGGCAAGCACCTGGAAAAGAGCGGGAAGGAGTAAGTTGTGTTTCGTCTTCAGGACAGTATACATATTACGCTGACTCTGTCAAGGGGCGTTTTACTATTTCGCGGGACAATGCGGAATCTACTGTTTATTTGCAAATGAATTCTCTTAAACCGGAGGATACCGCTGTGTATTACTGTGCAACAGATCCAGAGTGTTATCGCGTTAACGGATATTATAACGGAGAATACGACTACTGGGGCCAAGGGACTCAAGTGACCGTGTCGTCT,FALSE,WRONG SEQUENCE (C5),186.289,,,,,,,
HTP0006.D6,GAAGTGCAGCTGGTTGAGTCGGGTGGAGGGCTTGTTCAGCCTGGAGGGTCGCTGGACTTGTCTTGCGCCGCGTCCGGCTTCACGTTGGATTATCTTGCCATTGGATGGTTCGACCAAGCACCTGGAAAAGAGCACGAAGGAGTAAGTTGTGTTTCGTCTTCAGGACAGTATACATATTACGCTGACTCTGTCCGGGGGCGTTTTACTATTTCGGGGGACAATGCGGAATCTACTGTTTATTTGCAAATGAATTCTCTTAAACCGGAGGATACCGCTGTGTATTACTGTGCAACAGATCCAGAGTGTTATCGCGTTAACGGATATTATAACGGAGAATACGACTACTGGGGCCAAGGGACTCAAGTGACCGTGTCGTCT,plasmid,20-30,s326,BC44,tcgtcggcagcgtcagatgtgtataagagacagCCTTtcgaatgatgacgacgacaagTC,INDELS! GAAGTGCAGCTGGTTGAGTCGGGTGGAGGGCTTGTTCAGCCTGGAGGGTCGCTGGACTTGTCTTGCGCCGCGTCCGGCTTCACGTTGGATTATCTTGCCATTGGATGGTTCGACCAAGCACCTGGAAAAGAGCACGAAGGAGTAAGTTGTGTTTCGTCTTCAGGACAGTATACATATTACGCTGACTCTGTCCGGGGGCGTTTTACTATTTCGGGGGACAATGCGGAATCTACTGTTTATTTGCAAATGAATTCTCTTAAACCGGAGGATACCGCTGTGTATTACTGTGCAGATCCAGAGTGTTATCGCGTTAACGGATATTATAACGGAGAATACGACTACTGGGGCCAAGGGACTCAAGTGACCGTGTCGTCT,FALSE,GAAGTGCAGCTGGTTGAGTCGGGTGGAGGGCTTGTTCAGCCTGGAGGGTCGCTGGACTTGTCTTGCGCCGCGTCCGGCTTCACGTTGGATTATCTTGCCATTGGATGGTTCGACCAAGCACCTGGAAAAGAGCACGAAGGAGTAAGTTGTGTTTCGTCTTCAGGACAGTATACATATTACGCTGACTCTGTCCGGGGGCGTTTTACTATTTCGGGGGACAATGCGGAATCTACTGTTTATTTGCAAATGAATTCTCTTAAACCGGAGGATACCGCTGTGTATTACTGTGCAACAGATCCAGAGTGTTATCGCGTTAACGGATATTATAACGGAGAATACGACTACTGGGGCCAAGGGACTCAAGTGACCGTGTCGTCT,TRUE,INDEL,70.089,,,,,,,
HTP0006.E6,GAAGTGCAGCTGGTTGAGTCGGGTGGAGGGCTTGTTCAGCCTGGAGGGTCGCTGGACTTGTCTTGCGCCGCGTCCGGCTTCACGTTGGATTATCTTGCCATTGGATGGTTCCCGCAAGCACCTGGAAAAGAGGCTGAAGGAGTAAGTTGTGTTTCGTCTTCAGGACAGTATACATATTACGCTGACTCTGTCCGGGGGCGTTTTACTATTTCGAAGGACAATGCGGAATCTACTGTTTATTTGCAAATGAATTCTCTTAAACCGGAGGATACCGCTGTGTATTACTGTGCAACAGATCCAGAGTGTTATCGCGTTAACGGATATTATAACGGAGAATACGACTACTGGGGCCAAGGGACTCAAGTGACCGTGTCGTCT,plasmid,20-30,s326,BC45,tcgtcggcagcgtcagatgtgtataagagacagCATCtcgaatgatgacgacgacaagTC,GAAGTGCAGCTGGTTGAGTCGGGTGGAGGGCTTGTTCAGCCTGGAGGGTCGCTGAAGTTGTCTTGCGCCGCGTCCGGCTTCACGTTGGATTATCTTGCCATTGGATGGTTCCGGCAAGCACCTGGAAAAGAGCGGGAAGGAGTAAGTTGTGTTTCGTCTTCAGGACAGTATACATATTACGCTGACTCTGTCAAGGGGCGTTTTACTATTTCGCGGGACAATGCGGAATCTACTGTTTATTTGCAAATGAATTCTCTTAAACCGGAGGATACCGCTGTGTATTACTGTGCAACAGATCCAGAGTGTTATCGCGTTAACGGATATTATAACGGAGAATACGACTACTGGGGCCAAGGGACTCAAGTGACCGTGTCGTCT,FALSE,NO SEQUENCE FOUND,FALSE,NO COLONIES,157.937,,,,,,,
HTP0006.F6,GAAGTGCAGCTGGTTGAGTCGGGTGGAGGGCTTGTTCAGCCTGGAGGGTCGCTGGACTTGTCTTGCGCCGCGTCCGGCTTCACGTTGGATTATCTTGCCATTGGATGGTTCCCGCAAGCACCTGGAAAAGAGGCTGAAGGAGTAAGTTGTGTTTCGTCTTCAGGACAGTATACATATTACGCTGACTCTGTCTGTGGGCGTTTTACTATTTCGGGGGACAATGCGGAATCTACTGTTTATTTGCAAATGAATTCTCTTAAACCGGAGGATACCGCTGTGTATTACTGTGCAACAGATCCAGAGTGTTATCGCGTTAACGGATATTATAACGGAGAATACGACTACTGGGGCCAAGGGACTCAAGTGACCGTGTCGTCT,plasmid,20-30,s326,BC46,tcgtcggcagcgtcagatgtgtataagagacagTTATtcgaatgatgacgacgacaagTC,INDELS! GAAGTGCAGCTGGTTGAGTCGGGTGGAGGGCTTGTTCAGCCTGGAGGGTCGCTGGACTTGTCTTGCGCCGCGTCCGGCTTCACGTTGGATTATCTTGCCATTGGATGGTTCCCGCAAGCACCTGGAAAAGAGGCTGAAGGAGTAAGTTGTGTTTCGTCTTCAGGACAGTATACATATTACGCTGACTCTGTCTGTGGGCGTTTTACTATTTCGGGGGACAATGCGGAATCTACTGTTTATTTGCAAATGAATTCTCTTAAACCGGAGGATACCGCTGTGTATTACTGTGCAACAGATCCAGAGTGTTATCGCGTTAACGGATATTATAACGGAGAATACGACTACTGGGGCCAAGGGACTAAGTGACCGTGTCGTCT,FALSE,NO SEQUENCE FOUND,FALSE,INDEL,101.238,,,,,,,
HTP0006.G6,GAAGTGCAGCTGGTTGAGTCGGGTGGAGGGCTTGTTCAGCCTGGAGGGTCGCTGGACTTGTCTTGCGCCGCGTCCGGCTTCACGTTGGATTATCTTGCCATTGGATGGTTCCCGCAAGCACCTGGAAAAGAGCACGAAGGAGTAAGTTGTGTTTCGTCTTCAGGACAGTATACATATTACGCTGACTCTGTCAAGGGGCGTTTTACTATTTCGAAGGACAATGCGGAATCTACTGTTTATTTGCAAATGAATTCTCTTAAACCGGAGGATACCGCTGTGTATTACTGTGCAACAGATCCAGAGTGTTATCGCGTTAACGGATATTATAACGGAGAATACGACTACTGGGGCCAAGGGACTCAAGTGACCGTGTCGTCT,plasmid,20-30,s326,BC47,tcgtcggcagcgtcagatgtgtataagagacagAATTtcgaatgatgacgacgacaagTC,GAAGTGCAGCTGGTTGAGTCGGGTGGAGGGCTTGTTCAGCCTGGAGGGTCGCTGGACTTGTCTTGCGCCGCGTCCGGCTTCACGTTGGATTATCTTGCCATTGGATGGTTCCCGCAAGCACCTGGAAAAGAGCACGAAGGAGTAAGTTGTGTTTCGTCTTCAGGACAGTATACATATTACGCTGACTCTGTCAAGGGGCGTTTTACTATTTCGAAGGACAATGCGGAATCTACTGTTTATTTGCAAATGAATTCTCTTAAACCGGAGGATACCGCTGTGTATTACTGTGCAACAGATCCAGAGTGTTATCGCGTTAACGGATATTATAACGGAGAATACGACTACTGGGGCCAAGGGACTCAAGTGACCGTGTCGTCT,TRUE,NO SEQUENCE FOUND,FALSE,,66.076,,,,,,,
HTP0006.H6,GAAGTGCAGCTGGTTGAGTCGGGTGGAGGGCTTGTTCAGCCTGGAGGGTCGCTGCGGTTGTCTTGCGCCGCGTCCGGCTTCACGTTGGATTATCTTGCCATTGGATGGTTCCAGCAAGCACCTGGAAAAGAGCGGGAAGGAGTAAGTTGTGTTTCGTCTTCAGGACAGTATACATATTACGCTGACTCTGTCAAGGGGCGTTTTACTATTTCGCGGGACAATGCGGAATCTACTGTTTATTTGCAAATGAATTCTCTTAAACCGGAGGATACCGCTGTGTATTACTGTGCAACAGATCCAGAGTGTTATCGCGTTAACGGATATTATAACGGAGAATACGACTACTGGGGCCAAGGGACTCAAGTGACCGTGTCGTCT,plasmid,20-30,s326,BC48,tcgtcggcagcgtcagatgtgtataagagacagCGGCtcgaatgatgacgacgacaagTC,INDELS! GAAGTGCAGCTGGTTGAGTCGGGTGGAGGGCTTGTTCAGCCTGGAGGGTCGCTGCGGTTGTCTTGCGCCGCGTCCGGCTTCACGTTGGATTATCTTGCCATTGGATGGTTCCAGCAAGCACCTGGAAGCGGGAAGGAGTAAGTTGTGTTTCGTCTTCAGGACAGTATACATATTACGCTGACTCTGTCAAGGGGCGTTTTACTATTTCGCGGGACAATGCGGAATCTACTGTTTATTTGCAAATGAATTCTCTTAAACCGGAGGATACCGCTGTGTATTACTGTGCAACAGATCCAGAGTGTTATCGCGTTAACGGATATTATAACGGAGAATACGACTACTGGGGCCAAGGGACTCAAGTGACCGTGTCGTCT,FALSE,NO SEQUENCE FOUND,FALSE,INDEL,208.763,,,,,,,
HTP0006.A7,GAAGTGCAGCTGGTTGAGTCGGGTGGAGGGCTTGTTCAGCCTGGAGGGTCGCTGCGGTTGTCTTGCGCCGCGTCCGGCTTCACGTTGGATTATCTTGCCATTGGATGGTTCCGGCAAGCACCTGGAAAAGAGCGGGAAGGAGTAAGTTGTGTTTCGTCTTCAGGACAGTATACATATTACGCTGACTCTGTCAAGGGGCGTTTTACTATTTCGCGGGACAATGCGGAATCTACTGTTTATTTGCAAATGAATTCTCTTAAACCGGAGGATACCGCTGTGTATTACTGTGCAACAGATCCAGAGTGTTATCGCGTTGCTGGATATTATAACGGAGAATACGACTACTGGGGCCAAGGGACTCAAGTGACCGTGTCGTCT,plasmid,20-30,s327,BC1,tcgtcggcagcgtcagatgtgtataagagacagGACGtcgaatgatgacgacgacaagTC,GAAGTGCAGCTGGTTGAGTCGGGTGGAGGGCTTGTTCAGCCTGGAGGGTCGCTGCGGTTGTCTTGCGCCGCGTCCGGCTTCACGTTGGATTATCTTGCCATTGGATGGTTCCGGCAAGCACCTGGAAAAGAGCGGGAAGGAGTAAGTTGTGTTTCGTCTTCAGGACAGTATACATATTACGCTGACTCTGTCAAGGGGCGTTTTACTATTTCGCGGGACAATGCGGAATCTACTGTTTATTTGCAAATGAATTCTCTTAAACCGGAGGATACCGCTGTGTATTACTGTGCAACAGATCCAGAGTGTTATCGCGTTGCTGGATATTATAACGGAGAATACGACTACTGGGGCCAAGGGACTCAAGTGACCGTGTCGTCT,TRUE,GAAGTGCAGCTGGTTGAGTCGGGTGGAGGGCTTGTTCAGCCTGGAGGGTCGCTGCGGTTGTCTTGCGCCGCGTCCGGCTTCACGTTGGATTATCTTGCCATTGGATGGTTCCGGCAAGCACCTGGAAAAGAGCGGGAAGGAGTAAGTTGTGTTTCGTCTTCAGGACAGTATACATATTACGCTGACTCTGTCAAGGGGCGTTTTACTATTTCGCGGGACAATGCGGAATCTACTGTTTATTTGCAAATGAATTCTCTTAAACCGGAGGATACCGCTGTGTATTACTGTGCAACAGATCCAGAGTGTTATCGCGTTAACGGATATTATAACGGAGAATACGACTACTGGGGCCAAGGGACTCAAGTGACCGTGTCGTCT,FALSE,,219.411,,,,,,,
HTP0006.B7,GAAGTGCAGCTGGTTGAGTCGGGTGGAGGGCTTGTTCAGCCTGGAGGGTCGCTGCGGTTGTCTTGCGCCGCGTCCGGCTTCACGTTGGATTATCTTGCCATTGGATGGTTCCGGCAAGCACCTGGAAAAGAGCGGGAAGGAGTAAGTTGTGTTTCGTCTTCAGGACAGTATACATATTACGCTGACTCTGTCAAGGGGCGTTTTACTATTTCGAAGGACAATGCGGAATCTACTGTTTATTTGCAAATGAATTCTCTTAAACCGGAGGATACCGCTGTGTATTACTGTGCAACAGATCCAGAGTGTTATCGCGTTAACGGATATTATAACGGAGAATACGACTACTGGGGCCAAGGGACTCAAGTGACCGTGTCGTCT,plasmid,20-30,s327,BC2,tcgtcggcagcgtcagatgtgtataagagacagAGCGtcgaatgatgacgacgacaagTC,GAAGTGCAGCTGGTTGAGTCGGGTGGAGGGCTTGTTCAGCCTGGAGGGTCGCTGCGGTTGTCTTGCGCCGCGTCCGGCTTCACGTTGGATTATCTTGCCATTGGATGGTTCCGGCAAGCACCTGGAAAAGAGCGGGAAGGAGTAAGTTGTGTTTCGTCTTCAGGACAGTATACATATTACGCTGACTCTGTCAAGGGGCGTTTTACTATTTCGAAGGACAATGCGGAATCTACTGTTTATTTGCAAATGAATTCTCTTAAACCGGAGGATACCGCTGTGTATTACTGTGCAACAGATCCAGAGTGTTATCGCGTTAACGGATATTATAACGGAGAATACGACTACTGGGGCCAAGGGACTCAAGTGACCGTGTCGTCT,TRUE,GAAGTGCAGCTGGTTGAGTCGGGTGGAGGGCTTGTTCAGCCTGGAGGGTCGCTGCGGTTGTCTTGCGCCGCGTCCGGCTTCACGTTGGATTATCTTGCCATTGGATGGTTCCGGCAAGCACCTGGAAAAGAGCGGGAAGGAGTAAGTTGTGTTTCGTCTTCAGGACAGTATACATATTACGCTGACTCTGTCAAGGGGCGTTTTACTATTTCGCGGGACAATGCGGAATCTACTGTTTATTTGCAAATGAATTCTCTTAAACCGGAGGATACCGCTGTGTATTACTGTGCAACAGATCCAGAGTGTTATCGCGTTAACGGATATTATAACGGAGAATACGACTACTGGGGCCAAGGGACTCAAGTGACCGTGTCGTCT,FALSE,,159.034,,,,,,,
HTP0006.C7,GAAGTGCAGCTGGTTGAGTCGGGTGGAGGGCTTGTTCAGCCTGGAGGGTCGCTGGACTTGTCTTGCGCCGCGTCCGGCTTCACGTTGGATTATCTTGCCATTGGATGGTTCCCGCAAGCACCTGGAAAAGAGCACGAAGGAGTAAGTTGTGTTTCGTCTTCAGGACAGTATACATATTACGCTGACTCTGTCCGGGGGCGTTTTACTATTTCGGAGGACAATGCGGAATCTACTGTTTATTTGCAAATGAATTCTCTTAAACCGGAGGATACCGCTGTGTATTACTGTGCAACAGATCCAGAGTGTTATCGCGTTAACGGATATTATAACGGAGAATACGACTACTGGGGCCAAGGGACTCAAGTGACCGTGTCGTCT,plasmid,20-30,s327,BC3,tcgtcggcagcgtcagatgtgtataagagacagACATtcgaatgatgacgacgacaagTC,INDELS! GAAGTGCAGCTGGTTGAGTCGGGTGGAGGGCTTGTTCAGCCGGAGGGTCGCTGGACTTGTCTTGCGCCGCGTCCGGCTTCACGTTGGATTATCTTGCCATTGGATGGTTCCCGCAAGCACCTGGAAAAGAGCACGAAGGAGTAAGTTGTGTTTCGTCTTCAGGACAGTATACATATTACGCTGACTCTGTCCGGGGGCGTTTTACTATTTCGGGGGACAATGCGGAATCTACTGTTTATTTGCAAATGAATTCTCTTAAACCGGAGGATACCGCTGTGTATTACTGTGCAACAGATCCAGAGTGTTATCGCGTTAACGGATATTATAACGAGAATACGACTACTGGGGCCAAGGGACTCAAGTGACCGTGTCGTCT,FALSE,INDELS! GAAGTGCAGCTGGTTGAGTCGGGTGGAGGGCTTGTTCAGCCGGAGGGTCGCTGGACTTGTCTTGCGCCGCGTCCGGCTTCACGTTGGATTATCTTGCCATTGGATGGTTCCCGCAAGCACCTGGAAAAGAGCACGAAGGAGTAAGTTGTGTTTCGTCTTCAGGACAGTATACATATTACGCTGACTCTGTCCGGGGGCGTTTTACTATTTCGGGGGACAATGCGGAATCTACTGTTTATTTGCAAATGAATTCTCTTAAACCGGAGGATACCGCTGTGTATTACTGTGCAACAGATCCAGAGTGTTATCGCGTTAACGGATATTATAACGGAGAATACGACTACTGGGGCCAAGGGACTCAAGTGACCGTGTCGTCT,FALSE,INDEL,131.259,,,,,,,
HTP0006.D7,GAAGTGCAGCTGGTTGAGTCGGGTGGAGGGCTTGTTCAGCCTGGAGGGTCGCTGGACTTGTCTTGCGCCGCGTCCGGCTTCACGTTGGATTATCTTGCCATTGGATGGTTCCCGCAAGCACCTGGAAAAGAGCACGAAGGAGTAAGTTGTGTTTCGTCTTCAGGACAGTATACATATTACGCTGACTCTGTCAAGGGGCGTTTTACTATTTCGGAGGACAATGCGGAATCTACTGTTTATTTGCAAATGAATTCTCTTAAACCGGAGGATACCGCTGTGTATTACTGTGCAACAGATCCAGAGTGTTATCGCGTTAACGGATATTATAACGGAGAATACGACTACTGGGGCCAAGGGACTCAAGTGACCGTGTCGTCT,plasmid,20-30,s327,BC4,tcgtcggcagcgtcagatgtgtataagagacagATTGtcgaatgatgacgacgacaagTC,GAAGTGCAGCTGGTTGAGTCGGGTGGAGGGCTTGTTCAGCCTGGAGGGTCGCTGGACTTGTCTTGCGCCGCGTCCGGCTTCACGTTGGATTATCTTGCCATTGGATGGTTCCCGCAAGCACCTGGAAAAGAGCACGAAGGAGTAAGTTGTGTTTCGTCTTCAGGACAGTATACATATTACGCTGACTCTGTCAAGGGGCGTTTTACTATTTCGGAGGACAATGCGGAATCTACTGTTTATTTGCAAATGAATTCTCTTAAACCGGAGGATACCGCTGTGTATTACTGTGCAACAGATCCAGAGTGTTATCGCGTTAACGGATATTATAACGGAGAATACGACTACTGGGGCCAAGGGACTCAAGTGACCGTGTCGTCT,TRUE,NO SEQUENCE FOUND,FALSE,,53.97,,,,,,,
HTP0006.E7,GAAGTGCAGCTGGTTGAGTCGGGTGGAGGGCTTGTTCAGCCTGGAGGGTCGCTGGACTTGTCTTGCGCCGCGTCCGGCTTCACGTTGGATTATCTTGCCATTGGATGGTTCCCGCAAGCACCTGGAAAAGAGCACGAAGGAGTAAGTTGTGTTTCGTCTTCAGGACAGTATACATATTACGCTGACTCTGTCCGGGGGCGTTTTACTATTTCGAAGGACAATGCGGAATCTACTGTTTATTTGCAAATGAATTCTCTTAAACCGGAGGATACCGCTGTGTATTACTGTGCAACAGATCCAGAGTGTTATCGCGTTAACGGATATTATAACGGAGAATACGACTACTGGGGCCAAGGGACTCAAGTGACCGTGTCGTCT,plasmid,20-30,s327,BC5,tcgtcggcagcgtcagatgtgtataagagacagCTAAtcgaatgatgacgacgacaagTC,GAAGTGCAGCTGGTTGAGTCGGGTGGAGGGCTTGTTCAGCCTGGAGGGTCGCTGCGGTTGTCTTGCGCCGCGTCCGGCTTCACGTTGGATTATCTTGCCATTGGATGGTTCCGGCAAGCACCTGGAAAAGAGCGGGAAGGAGTAAGTTGTGTTTCGTCTTCAGGACAGTATACATATTACGCTGACTCTGTCAAGGGGCGTTTTACTATTTCGCGGGACAATGCGGAATCTACTGTTTATTTGCAAATGAATTCTCTTAAACCGGAGGATACCGCTGTGTATTACTGTGCAACAGATCCAGAGTGTTATCGCGTTAACGGATATTATAACGGAGAATACGACTACTGGGGCCAAGGGACTCAAGTGACCGTGTCGTCT,FALSE,NO SEQUENCE FOUND,FALSE,WRONG SEQUENCE (E8),181.13,,,,,,,
HTP0006.F7,GAAGTGCAGCTGGTTGAGTCGGGTGGAGGGCTTGTTCAGCCTGGAGGGTCGCTGCGGTTGTCTTGCGCCGCGTCCGGCTTCACGTTGGATTATCTTGCCATTGGATGGTTCCGGCAAGCACCTGGAAAAGAGCGGGAAGGAGTAAGTTGTGTTTCGTCTTCAGGACAGTATACATATTACGCTGACTCTGTCAAGGGGCGTTTTACTATTTCGCGGGACAATGCGGAATCTACTGTTTATTTGCAAATGAATTCTCTTAAACCGGAGGATACCGCTGTGTATTACTGTGCAACAGATCCAGAGTGTTATCGCGTTCGGGGATATTATAACGGAGAATACGACTACTGGGGCCAAGGGACTCAAGTGACCGTGTCGTCT,plasmid,20-30,s327,BC6,tcgtcggcagcgtcagatgtgtataagagacagCAGGtcgaatgatgacgacgacaagTC,GAAGTGCAGCTGGTTGAGTCGGGTGGAGGGCTTGTTCAGCCTGGAGGGTCGCTGGACTTGTCTTGCGCCGCGTCCGGCTTCACGTTGGATTATCTTGCCATTGGATGGTTCGACCAAGCACCTGGAAAAGAGCACGAAGGAGTAAGTTGTGTTTCGTCTTCAGGACAGTATACATATTACGCTGACTCTGTCAAGGGGCGTTTTACTATTTCGCGGGACAATGCGGAATCTACTGTTTATTTGCAAATGAATTCTCTTAAACCGGAGGATACCGCTGTGTATTACTGTGCAACAGATCCAGAGTGTTATCGCGTTAACGGATATTATAACGGAGAATACGACTACTGGGGCCAAGGGACTCAAGTGACCGTGTCGTCT,FALSE,NO SEQUENCE FOUND,FALSE,NO COLONIES,50.355,,,,,,,
HTP0006.G7,GAAGTGCAGCTGGTTGAGTCGGGTGGAGGGCTTGTTCAGCCTGGAGGGTCGCTGCGGTTGTCTTGCGCCGCGTCCGGCTTCACGTTGGATTATCTTGCCATTGGATGGTTCCGGCAAGCACCTGGAAAAGAGCGGGAAGGAGTAAGTTGTGTTTCGTCTTCAGGACAGTATACATATTACGCTGACTCTGTCGTTGGGCGTTTTACTATTTCGCGGGACAATGCGGAATCTACTGTTTATTTGCAAATGAATTCTCTTAAACCGGAGGATACCGCTGTGTATTACTGTGCAACAGATCCAGAGTGTTATCGCGTTCGGGGATATTATAACGGAGAATACGACTACTGGGGCCAAGGGACTCAAGTGACCGTGTCGTCT,plasmid,20-30,s327,BC7,tcgtcggcagcgtcagatgtgtataagagacagCTGAtcgaatgatgacgacgacaagTC,INDELS! GAAGTGCAGCTGGTTGATCGGGTGGAGGGCTTGTTCAGCCTGGAGGGTCGCTGCGGTTGTCTTGCGCCGCGTCCGGCTTCACGTTGGATTATCTTGCCATTGGATGGTTCCGGCAAGCACCTGGAAAAGAGCGGGAAGGAGTAAGTTGTGTTTCGTCTTCAGGACAGTATACATATTACGCTGACTCTGTCGTTGGGCGTTTTACTATTTCGCGGGACAATGCGGAATCTACTGTTTATTTGCAAATGAATTCTCTTAAACCGGAGGATACCGCTGTGTATTACTGTGCAACAGATCCAGAGTGTTATCGCGTTCGGGGATATTATAACGGAGAATACGACTACTGGGGCCAAGGGACTCAAGTGACCGTGTCGTCT,FALSE,NO SEQUENCE FOUND,FALSE,INDEL,95.376,,,,,,,
HTP0006.H7,GAAGTGCAGCTGGTTGAGTCGGGTGGAGGGCTTGTTCAGCCTGGAGGGTCGCTGGACTTGTCTTGCGCCGCGTCCGGCTTCACGTTGGATTATCTTGCCATTGGATGGTTCCCGCAAGCACCTGGAAAAGAGTGGGAAGGAGTAAGTTGTGTTTCGTCTTCAGGACAGTATACATATTACGCTGACTCTGTCAAGGGGCGTTTTACTATTTCGGGGGACAATGCGGAATCTACTGTTTATTTGCAAATGAATTCTCTTAAACCGGAGGATACCGCTGTGTATTACTGTGCAACAGATCCAGAGTGTTATCGCGTTAACGGATATTATAACGGAGAATACGACTACTGGGGCCAAGGGACTCAAGTGACCGTGTCGTCT,plasmid,20-30,s327,BC8,tcgtcggcagcgtcagatgtgtataagagacagAGGGtcgaatgatgacgacgacaagTC,INDELS! GAAGTGCAGCTGGTTGAGTCGGGTGGAGGGCTTGTTCAGCCTGGAGGGTCGCTGGACTTGTCTTGCGCCGCGTCCGGCTTCACGTTGGATTATCTTGCCATTGGATGGTTCCCGCAAGCACCTGGAAAAGAGTGGGAAGGAGTAAGTTGTGTTTCGTCTTCAGGACAGTATACATATTACGCTGACTCTGCAAGGGGCGTTTTACTATTTCGGGGGACAATGCGGAATCTACTGTTTATTTGCAAATGAATTCTCTTAAACCGGAGGATACCGCTGTGTATTACTGTGCAACAGATCCAGAGTGTTATCGCGTTAACGGATATTATAACGGAGAATACGACTACTGGGGCCAAGGGACTCAAGTGACCGTGTCGTCT,FALSE,NO SEQUENCE FOUND,FALSE,INDEL,133.702,,,,,,,
HTP0006.A8,GAAGTGCAGCTGGTTGAGTCGGGTGGAGGGCTTGTTCAGCCTGGAGGGTCGCTGGACTTGTCTTGCGCCGCGTCCGGCTTCACGTTGGATTATCTTGCCATTGGATGGTTCCCGCAAGCACCTGGAAAAGAGCACGAAGGAGTAAGTTGTGTTTCGTCTTCAGGACAGTATACATATTACGCTGACTCTGTCTGTGGGCGTTTTACTATTTCGGAGGACAATGCGGAATCTACTGTTTATTTGCAAATGAATTCTCTTAAACCGGAGGATACCGCTGTGTATTACTGTGCAACAGATCCAGAGTGTTATCGCGTTAACGGATATTATAACGGAGAATACGACTACTGGGGCCAAGGGACTCAAGTGACCGTGTCGTCT,plasmid,20-30,s327,BC9,tcgtcggcagcgtcagatgtgtataagagacagGGACtcgaatgatgacgacgacaagTC,GAAGTGCAGCTGGTTGAGTCGGGTGGAGGGCTTGTTCAGCCTGGAGGGTCGCTGGACTTGTCTTGCGCCGCGTCCGGCTTCACGTTGGATTATCTTGCCATTGGATGGTTCCCGCAAGCACCTGGAAAAGAGCACGAAGGAGTAAGTTGTGTTTCGTCTTCAGGACAGTATACATATTACGCTGACTCTGTCTGTGGGCGTTTTACTATTTCGGAGGACAATGCGGAATCTACTGTTTATTTGCAAATGAATTCTCTTAAACCGGAGGATACCGCTGTGTATTACTGTGCAACAGATCCAGAGTGTTATCGCGTTAACGGATATTATAACGGAGAATACGACTACTGGGGCCAAGGGACTCAAGTGACCGTGTCGTCT,TRUE,NO SEQUENCE FOUND,FALSE,,85.053,,,,,,,
HTP0006.B8,GAAGTGCAGCTGGTTGAGTCGGGTGGAGGGCTTGTTCAGCCTGGAGGGTCGCTGGCTTTGTCTTGCGCCGCGTCCGGCTTCACGTTGGATTATCTTGCCATTGGATGGTTCCAGCAAGCACCTGGAAAAGAGCGGGAAGGAGTAAGTTGTGTTTCGTCTTCAGGACAGTATACATATTACGCTGACTCTGTCTTGGGGCGTTTTACTATTTCGCGGGACAATGCGGAATCTACTGTTTATTTGCAAATGAATTCTCTTAAACCGGAGGATACCGCTGTGTATTACTGTGCAACAGATCCAGAGTGTTATCGCGTTGAGGGATATTATAACGGAGAATACGACTACTGGGGCCAAGGGACTCAAGTGACCGTGTCGTCT,plasmid,20-30,s327,BC10,tcgtcggcagcgtcagatgtgtataagagacagTTCGtcgaatgatgacgacgacaagTC,GAAGTGCAGCTGGTTGAGTCGGGTGGAGGGCTTGTTCAGCCTGGAGGGTCGCTGGCTTTGTCTTGCGCCGCGTCCGGCTTCACGTTGGATTATCTTGCCATTGGATGGTTCCAGCAAGCACCTGGAAAAGAGCGGGAAGGAGTAAGTTGTGTTTCGTCTTCAGGACAGTATACATATTACGCTGACTCTGTCTTGGGGCGTTTTACTATTTCGCGGGACAATGCGGAATCTACTGTTTATTTGCAAATGAATTCTCTTAAACCGGAGGATACCGCTGTGTATTACTGTGCAACAGATCCAGAGTGTTATCGCGTTGAGGGATATTATAACGGAGAATACGACTACTGGGGCCAAGGGACTCAAGTGACCGTGTCGTCT,TRUE,NO SEQUENCE FOUND,FALSE,,75.307,,,,,,,
HTP0006.C8,GAAGTGCAGCTGGTTGAGTCGGGTGGAGGGCTTGTTCAGCCTGGAGGGTCGCTGGACTTGTCTTGCGCCGCGTCCGGCTTCACGTTGGATTATCTTGCCATTGGATGGTTCCCGCAAGCACCTGGAAAAGAGCACGAAGGAGTAAGTTGTGTTTCGTCTTCAGGACAGTATACATATTACGCTGACTCTGTCCGGGGGCGTTTTACTATTTCGGGGGACAATGCGGAATCTACTGTTTATTTGCAAATGAATTCTCTTAAACCGGAGGATACCGCTGTGTATTACTGTGCAACAGATCCAGAGTGTTATCGCGTTAACGGATATTATAACGGAGAATACGACTACTGGGGCCAAGGGACTCAAGTGACCGTGTCGTCT,plasmid,20-30,s327,BC11,tcgtcggcagcgtcagatgtgtataagagacagGCTGtcgaatgatgacgacgacaagTC,GAAGTGCAGCTGGTTGAGTCGGGTGGAGGGCTTGTTCAGCCTGGAGGGTCGCTGGACTTGTCTTGCGCCGCGTCCGGCTTCACGTTGGATTATCTTGCCATTGGATGGTTCCCGCAAGCACCTGGAAAAGAGCACGAAGGAGTAAGTTGTGTTTCGTCTTCAGGACAGTATACATATTACGCTGACTCTGTCCGGGGGCGTTTTACTATTTCGGGGGACAATGCGGAATCTACTGTTTATTTGCAAATGAATTCTCTTAAACCGGAGGATACCGCTGTGTATTACTGTGCAACAGATCCAGAGTGTTATCGCGTTAACGGATATTATAACGGAGAATACGACTACTGGGGCCAAGGGACTCAAGTGACCGTGTCGTCT,TRUE,NO SEQUENCE FOUND,FALSE,,59.175,,,,,,,
HTP0006.D8,GAAGTGCAGCTGGTTGAGTCGGGTGGAGGGCTTGTTCAGCCTGGAGGGTCGCTGGTTTTGTCTTGCGCCGCGTCCGGCTTCACGTTGGATTATCTTGCCATTGGATGGTTCTGGCAAGCACCTGGAAAAGAGGCTGAAGGAGTAAGTTGTGTTTCGTCTTCAGGACAGTATACATATTACGCTGACTCTGTCTTGGGGCGTTTTACTATTTCGCGGGACAATGCGGAATCTACTGTTTATTTGCAAATGAATTCTCTTAAACCGGAGGATACCGCTGTGTATTACTGTGCAACAGATCCAGAGTGTTATCGCGTTGCTGGATATTATAACGGAGAATACGACTACTGGGGCCAAGGGACTCAAGTGACCGTGTCGTCT,plasmid,20-30,s327,BC12,tcgtcggcagcgtcagatgtgtataagagacagTTACtcgaatgatgacgacgacaagTC,GAAGTGCAGCTGGTTGAGTCGGGTGGAGGGCTTGTTCAGCCTGGAGGGTCGCTGGACTTGTCTTGCGCCGCGTCCGGCTTCACGTTGGATTATCTTGCCATTGGATGGTTCCCGCAAGCACCTGGAAAAGAGCACGAAGGAGTAAGTTGTGTTTCGTCTTCAGGACAGTATACATATTACGCTGACTCTGTCAAGGGGCGTTTTACTATTTCGGAGGACAATGCGGAATCTACTGTTTATTTGCAAATGAATTCTCTTAAACCGGAGGATACCGCTGTGTATTACTGTGCAACAGATCCAGAGTGTTATCGCGTTAACGGATATTATAACGGAGAATACGACTACTGGGGCCAAGGGACTCAAGTGACCGTGTCGTCT,FALSE,NO SEQUENCE FOUND,FALSE,NO COLONIES,51.901,,,,,,,
HTP0006.E8,GAAGTGCAGCTGGTTGAGTCGGGTGGAGGGCTTGTTCAGCCTGGAGGGTCGCTGCGGTTGTCTTGCGCCGCGTCCGGCTTCACGTTGGATTATCTTGCCATTGGATGGTTCCGGCAAGCACCTGGAAAAGAGCGGGAAGGAGTAAGTTGTGTTTCGTCTTCAGGACAGTATACATATTACGCTGACTCTGTCAAGGGGCGTTTTACTATTTCGCGGGACAATGCGGAATCTACTGTTTATTTGCAAATGAATTCTCTTAAACCGGAGGATACCGCTGTGTATTACTGTGCAACAGATCCAGAGTGTTATCGCGTTAACGGATATTATAACGGAGAATACGACTACTGGGGCCAAGGGACTCAAGTGACCGTGTCGTCT,plasmid,20-30,s327,BC13,tcgtcggcagcgtcagatgtgtataagagacagAGTAtcgaatgatgacgacgacaagTC,GAAGTGCAGCTGGTTGAGTCGGGTGGAGGGCTTGTTCAGCCTGGAGGGTCGCTGCGGTTGTCTTGCGCCGCGTCCGGCTTCACGTTGGATTATCTTGCCATTGGATGGTTCCGGCAAGCACCTGGAAAAGAGCGGGAAGGAGTAAGTTGTGTTTCGTCTTCAGGACAGTATACATATTACGCTGACTCTGTCAAGGGGCGTTTTACTATTTCGCGGGACAATGCGGAATCTACTGTTTATTTGCAAATGAATTCTCTTAAACCGGAGGATACCGCTGTGTATTACTGTGCAACAGATCCAGAGTGTTATCGCGTTAACGGATATTATAACGGAGAATACGACTACTGGGGCCAAGGGACTCAAGTGACCGTGTCGTCT,TRUE,NO SEQUENCE FOUND,FALSE,,178.7,,,,,,,
HTP0006.F8,GAAGTGCAGCTGGTTGAGTCGGGTGGAGGGCTTGTTCAGCCTGGAGGGTCGCTGGACTTGTCTTGCGCCGCGTCCGGCTTCACGTTGGATTATCTTGCCATTGGATGGTTCGACCAAGCACCTGGAAAAGAGCACGAAGGAGTAAGTTGTGTTTCGTCTTCAGGACAGTATACATATTACGCTGACTCTGTCAAGGGGCGTTTTACTATTTCGCGGGACAATGCGGAATCTACTGTTTATTTGCAAATGAATTCTCTTAAACCGGAGGATACCGCTGTGTATTACTGTGCAACAGATCCAGAGTGTTATCGCGTTAACGGATATTATAACGGAGAATACGACTACTGGGGCCAAGGGACTCAAGTGACCGTGTCGTCT,plasmid,20-30,s327,BC14,tcgtcggcagcgtcagatgtgtataagagacagCCCGtcgaatgatgacgacgacaagTC,GAAGTGCAGCTGGTTGAGTCGGGTGGAGGGCTTGTTCAGCCTGGAGGGTCGCTGGACTTGTCTTGCGCCGCGTCCGGCTTCACGTTGGATTATCTTGCCATTGGATGGTTCGACCAAGCACCTGGAAAAGAGCACGAAGGAGTAAGTTGTGTTTCGTCTTCAGGACAGTATACATATTACGCTGACTCTGTCAAGGGGCGTTTTACTATTTCGCGGGACAATGCGGAATCTACTGTTTATTTGCAAATGAATTCTCTTAAACCGGAGGATACCGCTGTGTATTACTGTGCAACAGATCCAGAGTGTTATCGCGTTAACGGATATTATAACGGAGAATACGACTACTGGGGCCAAGGGACTCAAGTGACCGTGTCGTCT,TRUE,NO SEQUENCE FOUND,FALSE,,52.179,,,,,,,
HTP0006.G8,GAAGTGCAGCTGGTTGAGTCGGGTGGAGGGCTTGTTCAGCCTGGAGGGTCGCTGTGGTTGTCTTGCGCCGCGTCCGGCTTCACGTTGGATTATCTTGCCATTGGATGGTTCGTTCAAGCACCTGGAAAAGAGTGGGAAGGAGTAAGTTGTGTTTCGTCTTCAGGACAGTATACATATTACGCTGACTCTGTCCCGGGGCGTTTTACTATTTCGGGGGACAATGCGGAATCTACTGTTTATTTGCAAATGAATTCTCTTAAACCGGAGGATACCGCTGTGTATTACTGTGCAACAGATCCAGAGTGTTATCGCGTTCGGGGATATTATAACGGAGAATACGACTACTGGGGCCAAGGGACTCAAGTGACCGTGTCGTCT,plasmid,20-30,s327,BC15,tcgtcggcagcgtcagatgtgtataagagacagCACAtcgaatgatgacgacgacaagTC,GAAGTGCAGCTGGTTGAGTCGGGTGGAGGGCTTGTTCAGCCTGGAGGGTCGCTGTGGTTGTCTTGCGCCGCGTCCGGCTTCACGTTGGATTATCTTGCCATTGGATGGTTCGTTCAAGCACCTGGAAAAGAGTGGGAAGGAGTAAGTTGTGTTTCGTCTTCAGGACAGTATACATATTACGCTGACTCTGTCCCGGGGCGTTTTACTATTTCGGGGGACAATGCGGAATCTACTGTTTATTTGCAAATGAATTCTCTTAAACCGGAGGATACCGCTGTGTATTACTGTGCAACAGATCCAGAGTGTTATCGCGTTCGGGGATATTATAACGGAGAATACGACTACTGGGGCCAAGGGACTCAAGTGACCGTGTCGTCT,TRUE,NO SEQUENCE FOUND,FALSE,,65.24,,,,,,,
HTP0006.H8,GAAGTGCAGCTGGTTGAGTCGGGTGGAGGGCTTGTTCAGCCTGGAGGGTCGCTGGACTTGTCTTGCGCCGCGTCCGGCTTCACGTTGGATTATCTTGCCATTGGATGGTTCCCGCAAGCACCTGGAAAAGAGGCTGAAGGAGTAAGTTGTGTTTCGTCTTCAGGACAGTATACATATTACGCTGACTCTGTCAAGGGGCGTTTTACTATTTCGTGGGACAATGCGGAATCTACTGTTTATTTGCAAATGAATTCTCTTAAACCGGAGGATACCGCTGTGTATTACTGTGCAACAGATCCAGAGTGTTATCGCGTTAACGGATATTATAACGGAGAATACGACTACTGGGGCCAAGGGACTCAAGTGACCGTGTCGTCT,plasmid,20-30,s327,BC16,tcgtcggcagcgtcagatgtgtataagagacagCAATtcgaatgatgacgacgacaagTC,GAAGTGCAGCTGGTTGAGTCGGGTGGAGGGCTTGTTCAGCCTGGAGGGTCGCTGGACTTGTCTTGCGCCGCGTCCGGCTTCACGTTGGATTATCTTGCCATTGGATGGTTCCCGCAAGCACCTGGAAAAGAGGCTGAAGGAGTAAGTTGTGTTTCGTCTTCAGGACAGTATACATATTACGCTGACTCTGTCAAGGGGCGTTTTACTATTTCGTGGGACAATGCGGAATCTACTGTTTATTTGCAAATGAATTCTCTTAAACCGGAGGATACCGCTGTGTATTACTGTGCAACAGATCCAGAGTGTTATCGCGTTAACGGATATTATAACGGAGAATACGACTACTGGGGCCAAGGGACTCAAGTGACCGTGTCGTCT,TRUE,NO SEQUENCE FOUND,FALSE,,83.844,,,,,,,
HTP0006.A9,GAAGTGCAGCTGGTTGAGTCGGGTGGAGGGCTTGTTCAGCCTGGAGGGTCGCTGGCTTTGTCTTGCGCCGCGTCCGGCTTCACGTTGGATTATCTTGCCATTGGATGGTTCCAGCAAGCACCTGGAAAAGAGCGGGAAGGAGTAAGTTGTGTTTCGTCTTCAGGACAGTATACATATTACGCTGACTCTGTCTTGGGGCGTTTTACTATTTCGGAGGACAATGCGGAATCTACTGTTTATTTGCAAATGAATTCTCTTAAACCGGAGGATACCGCTGTGTATTACTGTGCAACAGATCCAGAGTGTTATCGCGTTAACGGATATTATAACGGAGAATACGACTACTGGGGCCAAGGGACTCAAGTGACCGTGTCGTCT,plasmid,20-30,s327,BC17,tcgtcggcagcgtcagatgtgtataagagacagGACTtcgaatgatgacgacgacaagTC,INDELS! GAAGTGCAGCTGGTTGAGTCGGGTGGAGGGTGTTCAGCCTGGAGGGTCGCTGGACTTGTCTTGCGCCGCGTCCGGCTTCACGTTGGATTATCTTGCCATTGGATGGTTCCCGCAAGCACCTGGAAAAGAGCACGAAGGAGTAAGTTGTGTTTCGTCTTCAGGACAGTATACATATTACGCTGACTCTGTCTGTGGGCGTTTTACTATTTCGGAGGACAATGCGGAATCTACTGTTTATTTGCAAATGAATTCTCTTAAACCGGAGGATACCGCTGTGTATTACTGTGCAACAGATCCAGAGTGTTATCGCGTTAACGGATATTATAACGGAGAATACGACTACTGGGGCCAAGGGACTCAAGTGACCGTGTCGTCT,FALSE,NO SEQUENCE FOUND,FALSE,NO COLONIES,32.366,,,,,,,
HTP0006.B9,GAAGTGCAGCTGGTTGAGTCGGGTGGAGGGCTTGTTCAGCCTGGAGGGTCGCTGCGGTTGTCTTGCGCCGCGTCCGGCTTCACGTTGGATTATCTTGCCATTGGATGGTTCCGGCAAGCACCTGGAAAAGAGCGGGAAGGAGTAAGTTGTGTTTCGTCTTCAGGACAGTATACATATTACGCTGACTCTGTCATGGGGCGTTTTACTATTTCGCGGGACAATGCGGAATCTACTGTTTATTTGCAAATGAATTCTCTTAAACCGGAGGATACCGCTGTGTATTACTGTGCAACAGATCCAGAGTGTTATCGCGTTCCGGGATATTATAACGGAGAATACGACTACTGGGGCCAAGGGACTCAAGTGACCGTGTCGTCT,plasmid,20-30,s327,BC18,tcgtcggcagcgtcagatgtgtataagagacagTGAGtcgaatgatgacgacgacaagTC,GAAGTGCAGCTGGTTGAGTCGGGTGGAGGGCTTGTTCAGCCTGGAGGGTCGCTGCGGTTGTCTTGCGCCGCGTCCGGCTTCACGTTGGATTATCTTGCCATTGGATGGTTCCGGCAAGCACCTGGAAAAGAGCGGGAAGGAGTAAGTTGTGTTTCGTCTTCAGGACAGTATACATATTACGCTGACTCTGTCATGGGGCGTTTTACTATTTCGCGGGACAATGCGGAATCTACTGTTTATTTGCAAATGAATTCTCTTAAACCGGAGGATACCGCTGTGTATTACTGTGCAACAGATCCAGAGTGTTATCGCGTTCCGGGATATTATAACGGAGAATACGACTACTGGGGCCAAGGGACTCAAGTGACCGTGTCGTCT,TRUE,NO SEQUENCE FOUND,FALSE,,65.077,,,,,,,
HTP0006.C9,GAAGTGCAGCTGGTTGAGTCGGGTGGAGGGCTTGTTCAGCCTGGAGGGTCGCTGTGGTTGTCTTGCGCCGCGTCCGGCTTCACGTTGGATTATCTTGCCATTGGATGGTTCGTTCAAGCACCTGGAAAAGAGTGGGAAGGAGTAAGTTGTGTTTCGTCTTCAGGACAGTATACATATTACGCTGACTCTGTCCCGGGGCGTTTTACTATTTCGGGGGACAATGCGGAATCTACTGTTTATTTGCAAATGAATTCTCTTAAACCGGAGGATACCGCTGTGTATTACTGTGCAACAGATCCAGAGTGTTATCGCGTTGTTGGATATTATAACGGAGAATACGACTACTGGGGCCAAGGGACTCAAGTGACCGTGTCGTCT,plasmid,20-30,s327,BC19,tcgtcggcagcgtcagatgtgtataagagacagGCACtcgaatgatgacgacgacaagTC,INDELS! GAAGTGCAGCTGGTTGAGTCGGGTGGAGGGCTTGTTCAGCCTGGAGGGTCGCTGTGGTTGTCTTGCGCCGCGTCCGGCTTCACGTTGGATTATCTTGCCATTGGATGGTTCGTTCAAGCACCTGGAAAAGAGTGGGAAGGAGTAAGTTGTGTTTCGTCTTCAGGACAGTATACATATTACGCTGACTCTGTCCCGGGGCGTTTTACTATTTCGGGGGACAATGCGGAATCTACTGTTTATTTGCAAATGAATTCTCTTAAACCGGAGGATACCGCTGTGTATTACTGTGCAACAGATCCAGAGTGTTATCGCGTTGTTGGATATTATAACGGAGAATACGCTACTGGGGCCAAGGGACTCAAGTGACCGTGTCGTCT,FALSE,GAAGTGCAGCTGGTTGAGTCGGGTGGAGGGCTTGTTCAGCCTGGAGGGTCGCTGTGGTTGTCTTGCGCCGCGTCCGGCTTCACGTTGGATTATCTTGCCATTGGATGGTTCGTTCAAGCACCTGGAAAAGAGTGGGAAGGAGTAAGTTGTGTTTCGTCTTCAGGACAGTATACATATTACGCTGACTCTGTCCCGGGGCGTTTTACTATTTCGGGGGACAATGCGGAATCTACTGTTTATTTGCAAATGAATTCTCTTAAACCGGAGGATACCGCTGTGTATTACTGTGCAACAGATCCAGAGTGTTATCGCGTTAACGGATATTATAACGGAGAATACGACTACTGGGGCCAAGGGACTCAAGTGACCGTGTCGTCT,FALSE,NO COLONIES,73.249,,,,,,,
HTP0006.D9,GAAGTGCAGCTGGTTGAGTCGGGTGGAGGGCTTGTTCAGCCTGGAGGGTCGCTGGAGTTGTCTTGCGCCGCGTCCGGCTTCACGTTGGATTATCTTGCCATTGGATGGTTCTGGCAAGCACCTGGAAAAGAGGTTGAAGGAGTAAGTTGTGTTTCGTCTTCAGGACAGTATACATATTACGCTGACTCTGTCTTGGGGCGTTTTACTATTTCGATCGACAATGCGGAATCTACTGTTTATTTGCAAATGAATTCTCTTAAACCGGAGGATACCGCTGTGTATTACTGTGCAACAGATCCAGAGTGTTATCGCGTTAAGGGATATTATAACGGAGAATACGACTACTGGGGCCAAGGGACTCAAGTGACCGTGTCGTCT,plasmid,20-30,s327,BC20,tcgtcggcagcgtcagatgtgtataagagacagGGGTtcgaatgatgacgacgacaagTC,GAAGTGCAGCTGGTTGAGTCGGGTGGAGGGCTTGTTCAGCCTGGAGGGTCGCTGGAGTTGTCTTGCGCCGCGTCCGGCTTCACGTTGGATTATCTTGCCATTGGATGGTTCTGGCAAGCACCTGGAAAAGAGGTTGAAGGAGTAAGTTGTGTTTCGTCTTCAGGACAGTATACATATTACGCTGACTCTGTCTTGGGGCGTTTTACTATTTCGATCGACAATGCGGAATCTACTGTTTATTTGCAAATGAATTCTCTTAAACCGGAGGATACCGCTGTGTATTACTGTGCAACAGATCCAGAGTGTTATCGCGTTAAGGGATATTATAACGGAGAATACGACTACTGGGGCCAAGGGACTCAAGTGACCGTGTCGTCT,TRUE,NO SEQUENCE FOUND,FALSE,,59.9,,,,,,,
HTP0006.E9,GAAGTGCAGCTGGTTGAGTCGGGTGGAGGGCTTGTTCAGCCTGGAGGGTCGCTGGACTTGTCTTGCGCCGCGTCCGGCTTCACGTTGGATTATCTTGCCATTGGATGGTTCGACCAAGCACCTGGAAAAGAGGCTGAAGGAGTAAGTTGTGTTTCGTCTTCAGGACAGTATACATATTACGCTGACTCTGTCTGTGGGCGTTTTACTATTTCGGGGGACAATGCGGAATCTACTGTTTATTTGCAAATGAATTCTCTTAAACCGGAGGATACCGCTGTGTATTACTGTGCAACAGATCCAGAGTGTTATCGCGTTAACGGATATTATAACGGAGAATACGACTACTGGGGCCAAGGGACTCAAGTGACCGTGTCGTCT,plasmid,20-30,s327,BC21,tcgtcggcagcgtcagatgtgtataagagacagTAAAtcgaatgatgacgacgacaagTC,INDELS! GAAGTGCAGCTGGTTGAGTCGGGTGGAGGGCTTGTTCAGCCTGGAGGGTCGCTGGACTTGTCTTGCGCCGCGTCCGGCTTCACGTTGGATTATCTTGCCATTGGATGGTTCGACCAAGCACCTGGAAAAGAGGCTGAAGGAGTAAGTTGTGTTTCGTCTTCAGGACAGTATACATATTACGCTGACTCTGTCTGTGGGCGTTTTACTATTTCGGGGGACAATGCGGAATCTACTGTTTATTTGCAAATGAATTCACCGGAGGATACCGCTGTGTATTACTGTGCAACAGATCCAGAGTGTTATCGCGTTAACGGATATTATAACGGAGAATACGACTACTGGGGCCAAGGGACTCAAGTGACCGTGTCGTCT,FALSE,NO SEQUENCE FOUND,FALSE,INDEL,71.443,,,,,,,
HTP0006.F9,GAAGTGCAGCTGGTTGAGTCGGGTGGAGGGCTTGTTCAGCCTGGAGGGTCGCTGCGGTTGTCTTGCGCCGCGTCCGGCTTCACGTTGGATTATCTTGCCATTGGATGGTTCCGGCAAGCACCTGGAAAAGAGCGGGAAGGAGTAAGTTGTGTTTCGTCTTCAGGACAGTATACATATTACGCTGACTCTGTCGTTGGGCGTTTTACTATTTCGCGGGACAATGCGGAATCTACTGTTTATTTGCAAATGAATTCTCTTAAACCGGAGGATACCGCTGTGTATTACTGTGCAACAGATCCAGAGTGTTATCGCGTTCCGGGATATTATAACGGAGAATACGACTACTGGGGCCAAGGGACTCAAGTGACCGTGTCGTCT,plasmid,20-30,s327,BC22,tcgtcggcagcgtcagatgtgtataagagacagGAGCtcgaatgatgacgacgacaagTC,INDELS! GAAGTGCAGCTGGTTGAGTCGGGTGGAGGGCTTGTTCAGCCTGGAGGGTCGCTGCGGTTGTCTTGCGCCGCGTCCGGCTTCACGTTGGATTATCTTGCCATTGGATGGTTCCGGCAAGCACCTGGAAAAGAGCGGGAAGGAGTAAGTTGTGTTTCGTCTTCAGGACAGTATACATATTACGCTGACTCTGTCGTTGGGCGTTTTACTATTTCGCGGGACAATGCGGAATCTACTGTTTATTTGCAAATGAATTCTCTTAAACCGGAGGATACCGCTGTGTATTACTGTGCAACAGATCCAGAGTGTTATCGCGTTCCGGGATATTATAACGGAGCGACTACTGGGGCCAAGGGACTCAAGTGACCGTGTCGTCT,FALSE,GAAGTGCAGCTGGTTGAGTCGGGTGGAGGGCTTGTTCAGCCTGGAGGGTCGCTGCGGTTGTCTTGCGCCGCGTCCGGCTTCACGTTGGATTATCTTGCCATTGGATGGTTCCGGCAAGCACCTGGAAAAGAGCGGGAAGGAGTAAGTTGTGTTTCGTCTTCAGGACAGTATACATATTACGCTGACTCTGTCGTTGGGCGTTTTACTATTTCGCGGGACAATGCGGAATCTACTGTTTATTTGCAAATGAATTCTCTTAAACCGGAGGATACCGCTGTGTATTACTGTGCAACAGATCCAGAGTGTTATCGCGTTCCGGGATATTATAACGGAGAATACGACTACTGGGGCCAAGGGACTCAAGTGACCGTGTCGTCT,TRUE,INDEL,70.173,,,,,,,
HTP0006.G9,GAAGTGCAGCTGGTTGAGTCGGGTGGAGGGCTTGTTCAGCCTGGAGGGTCGCTGGACTTGTCTTGCGCCGCGTCCGGCTTCACGTTGGATTATCTTGCCATTGGATGGTTCCCGCAAGCACCTGGAAAAGAGCACGAAGGAGTAAGTTGTGTTTCGTCTTCAGGACAGTATACATATTACGCTGACTCTGTCAAGGGGCGTTTTACTATTTCGACTGACAATGCGGAATCTACTGTTTATTTGCAAATGAATTCTCTTAAACCGGAGGATACCGCTGTGTATTACTGTGCAACAGATCCAGAGTGTTATCGCGTTAACGGATATTATAACGGAGAATACGACTACTGGGGCCAAGGGACTCAAGTGACCGTGTCGTCT,plasmid,20-30,s327,BC23,tcgtcggcagcgtcagatgtgtataagagacagGTTAtcgaatgatgacgacgacaagTC,GAAGTGCAGCTGGTTGAGTCGGGTGGAGGGCTTGTTCAGCCTGGAGGGTCGCTGGACTTGTCTTGCGCCGCGTCCGGCTTCACGTTGGATTATCTTGCCATTGGATGGTTCCCGCAAGCACCTGGAAAAGAGCACGAAGGAGTAAGTTGTGTTTCGTCTTCAGGACAGTATACATATTACGCTGACTCTGTCAAGGGGCGTTTTACTATTTCGACTGACAATGCGGAATCTACTGTTTATTTGCAAATGAATTCTCTTAAACCGGAGGATACCGCTGTGTATTACTGTGCAACAGATCCAGAGTGTTATCGCGTTAACGGATATTATAACGGAGAATACGACTACTGGGGCCAAGGGACTCAAGTGACCGTGTCGTCT,TRUE,NO SEQUENCE FOUND,FALSE,,63.495,,,,,,,
HTP0006.H9,GAAGTGCAGCTGGTTGAGTCGGGTGGAGGGCTTGTTCAGCCTGGAGGGTCGCTGCGGTTGTCTTGCGCCGCGTCCGGCTTCACGTTGGATTATCTTGCCATTGGATGGTTCCCGCAAGCACCTGGAAAAGAGGCTGAAGGAGTAAGTTGTGTTTCGTCTTCAGGACAGTATACATATTACGCTGACTCTGTCAAGGGGCGTTTTACTATTTCGCGGGACAATGCGGAATCTACTGTTTATTTGCAAATGAATTCTCTTAAACCGGAGGATACCGCTGTGTATTACTGTGCAACAGATCCAGAGTGTTATCGCGTTCGGGGATATTATAACGGAGAATACGACTACTGGGGCCAAGGGACTCAAGTGACCGTGTCGTCT,plasmid,20-30,s327,BC24,tcgtcggcagcgtcagatgtgtataagagacagAGATtcgaatgatgacgacgacaagTC,NO SEQUENCE FOUND,FALSE,NO SEQUENCE FOUND,FALSE,NO SEQUENCE,46.688,,,,,,,
HTP0006.A10,GAAGTGCAGCTGGTTGAGTCGGGTGGAGGGCTTGTTCAGCCTGGAGGGTCGCTGGACTTGTCTTGCGCCGCGTCCGGCTTCACGTTGGATTATCTTGCCATTGGATGGTTCGACCAAGCACCTGGAAAAGAGGCTGAAGGAGTAAGTTGTGTTTCGTCTTCAGGACAGTATACATATTACGCTGACTCTGTCAAGGGGCGTTTTACTATTTCGAACGACAATGCGGAATCTACTGTTTATTTGCAAATGAATTCTCTTAAACCGGAGGATACCGCTGTGTATTACTGTGCAACAGATCCAGAGTGTTATCGCGTTAACGGATATTATAACGGAGAATACGACTACTGGGGCCAAGGGACTCAAGTGACCGTGTCGTCT,plasmid,20-30,s327,BC25,tcgtcggcagcgtcagatgtgtataagagacagGGTTtcgaatgatgacgacgacaagTC,GAAGTGCAGCTGGTTGAGTCGGGTGGAGGGCTTGTTCAGCCTGGAGGGTCGCTGGACTTGTCTTGCGCCGCGTCCGGCTTCACGTTGGATTATCTTGCCATTGGATGGTTCGACCAAGCACCTGGAAAAGAGGCTGAAGGAGTAAGTTGTGTTTCGTCTTCAGGACAGTATACATATTACGCTGACTCTGTCAAGGGGCGTTTTACTATTTCGAACGACAATGCGGAATCTACTGTTTATTTGCAAATGAATTCTCTTAAACCGGAGGATACCGCTGTGTATTACTGTGCAACAGATCCAGAGTGTTATCGCGTTAACGGATATTATAACGGAGAATACGACTACTGGGGCCAAGGGACTCAAGTGACCGTGTCGTCT,TRUE,GAAGTGCAGCTGGTTGAGTCGGGTGGAGGGCTTGTTCAGCCTGGAGGGTCGCTGGACTTGTCTTGCGCCGCGTCCGGCTTCACGTTGGATTATCTTGCCATTGGATGGTTCGACCAAGCACCTGGAAAAGAGGCTGAAGGAGTAAGTTGTGTTTCGTCTTCAGGACAGTATACATATTACGCTGACTCTGTCAAGGGGCGTTTTACTATTTCGCGGGACAATGCGGAATCTACTGTTTATTTGCAAATGAATTCTCTTAAACCGGAGGATACCGCTGTGTATTACTGTGCAACAGATCCAGAGTGTTATCGCGTTAACGGATATTATAACGGAGAATACGACTACTGGGGCCAAGGGACTCAAGTGACCGTGTCGTCT,FALSE,,52.974,,,,,,,
HTP0006.B10,GAAGTGCAGCTGGTTGAGTCGGGTGGAGGGCTTGTTCAGCCTGGAGGGTCGCTGGACTTGTCTTGCGCCGCGTCCGGCTTCACGTTGGATTATCTTGCCATTGGATGGTTCCCGCAAGCACCTGGAAAAGAGGCTGAAGGAGTAAGTTGTGTTTCGTCTTCAGGACAGTATACATATTACGCTGACTCTGTCCGGGGGCGTTTTACTATTTCGGGGGACAATGCGGAATCTACTGTTTATTTGCAAATGAATTCTCTTAAACCGGAGGATACCGCTGTGTATTACTGTGCAACAGATCCAGAGTGTTATCGCGTTAACGGATATTATAACGGAGAATACGACTACTGGGGCCAAGGGACTCAAGTGACCGTGTCGTCT,plasmid,20-30,s327,BC26,tcgtcggcagcgtcagatgtgtataagagacagACTAtcgaatgatgacgacgacaagTC,GAAGTGCAGCTGGTTGAGTCGGGTGGAGGGCTTGTTCAGCCTGGAGGGTCGCTGGACTTGTCTTGCGCCGCGTCCGGCTTCACGTTGGATTATCTTGCCATTGGATGGTTCCCGCAAGCACCTGGAAAAGAGGCTGAAGGAGTAAGTTGTGTTTCGTCTTCAGGACAGTATACATATTACGCTGACTCTGTCCGGGGGCGTTTTACTATTTCGGGGGACAATGCGGAATCTACTGTTTATTTGCAAATGAATTCTCTTAAACCGGAGGATACCGCTGTGTATTACTGTGCAACAGATCCAGAGTGTTATCGCGTTAACGGATATTATAACGGAGAATACGACTACTGGGGCCAAGGGACTCAAGTGACCGTGTCGTCT,TRUE,NO SEQUENCE FOUND,FALSE,,67.233,,,,,,,
HTP0006.C10,GAAGTGCAGCTGGTTGAGTCGGGTGGAGGGCTTGTTCAGCCTGGAGGGTCGCTGTGTTTGTCTTGCGCCGCGTCCGGCTTCACGTTGGATTATCTTGCCATTGGATGGTTCCGGCAAGCACCTGGAAAAGAGCCGGAAGGAGTAAGTTGTGTTTCGTCTTCAGGACAGTATACATATTACGCTGACTCTGTCTTGGGGCGTTTTACTATTTCGGGGGACAATGCGGAATCTACTGTTTATTTGCAAATGAATTCTCTTAAACCGGAGGATACCGCTGTGTATTACTGTGCAACAGATCCAGAGTGTTATCGCGTTTGTGGATATTATAACGGAGAATACGACTACTGGGGCCAAGGGACTCAAGTGACCGTGTCGTCT,plasmid,20-30,s327,BC27,tcgtcggcagcgtcagatgtgtataagagacagATCAtcgaatgatgacgacgacaagTC,NO SEQUENCE FOUND,FALSE,NO SEQUENCE FOUND,FALSE,NO SEQUENCE,52.736,,,,,,,
HTP0006.D10,GAAGTGCAGCTGGTTGAGTCGGGTGGAGGGCTTGTTCAGCCTGGAGGGTCGCTGGACTTGTCTTGCGCCGCGTCCGGCTTCACGTTGGATTATCTTGCCATTGGATGGTTCCCGCAAGCACCTGGAAAAGAGTGTGAAGGAGTAAGTTGTGTTTCGTCTTCAGGACAGTATACATATTACGCTGACTCTGTCCGGGGGCGTTTTACTATTTCGGGGGACAATGCGGAATCTACTGTTTATTTGCAAATGAATTCTCTTAAACCGGAGGATACCGCTGTGTATTACTGTGCAACAGATCCAGAGTGTTATCGCGTTAACGGATATTATAACGGAGAATACGACTACTGGGGCCAAGGGACTCAAGTGACCGTGTCGTCT,plasmid,20-30,s327,BC28,tcgtcggcagcgtcagatgtgtataagagacagTCTAtcgaatgatgacgacgacaagTC,INDELS! GAAGTGCAGCTGGTTGAGTCGGGTGGAGGGCTTGTTCAGCCTGGAGGGTCGCTGGACTTGTCTTGCGCCGCGTCCGGCTTCACGTTGGATTATCTTGCCATTGGATGGTTCCCGCAAGCACCTGGAAAAGAGTGTGAAGGAGTTTGTGTTTCGTCTTCAGGACAGTATACATATTACGCTGACTCTGTCCGGGGGCGTTTTACTATTTCGGGGGACAATGCGGAATCTACTGTTTATTTGCAAATGAATTCTCTTAAACCGGAGGATACCGCTGTGTATTACTGTGCAACAGATCCAGAGTGTTATCGCGTTAACGGATATTATAACGGAGAATACGACTACTGGGGCCAAGGGACTCAAGTGACCGTGTCGTCT,FALSE,NO SEQUENCE FOUND,FALSE,INDEL,61.917,,NO COLONIES,INDEL,NO SEQUENCE,POINT MUTATION,WRONG SEQUENCE,TOTAL
HTP0006.E10,GAAGTGCAGCTGGTTGAGTCGGGTGGAGGGCTTGTTCAGCCTGGAGGGTCGCTGTTGTTGTCTTGCGCCGCGTCCGGCTTCACGTTGGATTATCTTGCCATTGGATGGTTCCGGCAAGCACCTGGAAAAGAGCGGGAAGGAGTAAGTTGTGTTTCGTCTTCAGGACAGTATACATATTACGCTGACTCTGTCAAGGGGCGTTTTACTATTTCGCGGGACAATGCGGAATCTACTGTTTATTTGCAAATGAATTCTCTTAAACCGGAGGATACCGCTGTGTATTACTGTGCAACAGATCCAGAGTGTTATCGCGTTAACGGATATTATAACGGAGAATACGACTACTGGGGCCAAGGGACTCAAGTGACCGTGTCGTCT,plasmid,20-30,s327,BC29,tcgtcggcagcgtcagatgtgtataagagacagTTTTtcgaatgatgacgacgacaagTC,NO SEQUENCE FOUND,FALSE,NO SEQUENCE FOUND,FALSE,NO SEQUENCE,66.256,,13,15,4,3,2,37
HTP0006.F10,GAAGTGCAGCTGGTTGAGTCGGGTGGAGGGCTTGTTCAGCCTGGAGGGTCGCTGGGGTTGTCTTGCGCCGCGTCCGGCTTCACGTTGGATTATCTTGCCATTGGATGGTTCCGGCAAGCACCTGGAAAAGAGGTTGAAGGAGTAAGTTGTGTTTCGTCTTCAGGACAGTATACATATTACGCTGACTCTGTCTGTGGGCGTTTTACTATTTCGCACGACAATGCGGAATCTACTGTTTATTTGCAAATGAATTCTCTTAAACCGGAGGATACCGCTGTGTATTACTGTGCAACAGATCCAGAGTGTTATCGCGTTTTGGGATATTATAACGGAGAATACGACTACTGGGGCCAAGGGACTCAAGTGACCGTGTCGTCT,plasmid,20-30,s327,BC30,tcgtcggcagcgtcagatgtgtataagagacagTTGGtcgaatgatgacgacgacaagTC,INDELS! GAAGTGCAGCTGGTTGAGTCGGGTGGAGGGCTTGTTCAGCCTGGAGGGTCGCTGCGGTTGTCTTGCGCCGCGTCCGGCTTCACGTTGGATTATCTTGCCATTGGATGGTTCCGGCAAGCACCTGGAAAAGAGCGGGAAGGAGTAAGTTGTGTTTCGTCTTCAGGACAGTATACATATTACGCTGACTCTGTCGTTGGGCGTTTTCTATTTCGCGGGACAATGCGGAATCTACTGTTTATTTGCAAATGAATTCTCTTAAACCGGAGGATACCGCTGTGTATTACTGTGCAACAGATCCAGAGTGTTATCGCGTTCCGGGATATTATAACGGAGAATACGACTACTGGGGCCAAGGGACTCAAGTGACCGTGTCGTCT,FALSE,NO SEQUENCE FOUND,FALSE,NO COLONIES,54.767,,,,,,,
HTP0006.G10,GAAGTGCAGCTGGTTGAGTCGGGTGGAGGGCTTGTTCAGCCTGGAGGGTCGCTGCGGTTGTCTTGCGCCGCGTCCGGCTTCACGTTGGATTATCTTGCCATTGGATGGTTCCGGCAAGCACCTGGAAAAGAGCGGGAAGGAGTAAGTTGTGTTTCGTCTTCAGGACAGTATACATATTACGCTGACTCTGTCAAGGGGCGTTTTACTATTTCGCGGGACAATGCGGAATCTACTGTTTATTTGCAAATGAATTCTCTTAAACCGGAGGATACCGCTGTGTATTACTGTGCAACAGATCCAGAGTGTTATCGCGTTCGGGGATATTATAACGGAGAATACGACTACTGGGGCCAAGGGACTCAAGTGACCGTGTCGTCT,plasmid,20-30,s327,BC31,tcgtcggcagcgtcagatgtgtataagagacagGCTTtcgaatgatgacgacgacaagTC,GAAGTGCAGCTGGTTGAGTCGGGTGGAGGGCTTGTTCAGCCTGGAGGGTCGCTGGACTTGTCTTGCGCCGCGTCCGGCTTCACGTTGGATTATCTTGCCATTGGATGGTTCCCGCAAGCACCTGGAAAAGAGCACGAAGGAGTAAGTTGTGTTTCGTCTTCAGGACAGTATACATATTACGCTGACTCTGTCAAGGGGCGTTTTACTATTTCGACTGACAATGCGGAATCTACTGTTTATTTGCAAATGAATTCTCTTAAACCGGAGGATACCGCTGTGTATTACTGTGCAACAGATCCAGAGTGTTATCGCGTTAACGGATATTATAACGGAGAATACGACTACTGGGGCCAAGGGACTCAAGTGACCGTGTCGTCT,FALSE,INDELS! GAAGTGCAGCTGGTTGAGTCGGGTGGAGGGCTTGTTCAGCCTGGAGGGTCGCTGGACTTGTCTTGCGCCGCGTCCGGCTTCACGTTGGATTATCTTGCCATTGGATGGTTCCCGCAAGCACCTGGAAAAGAGCACGAAGGAGTAAGTTGTGTTTCGTCTTCAGGACAATACATATTACGCTGACTCTGTCAAGGGGCGTTTTACTATTTCGACTGACAATGCGGAATCTACTGTTTATTTGCAAATGAATTCTCTTAAACCGGAGGATACCGCTGTGTATTACTGTGCAACAGATCCAGAGTGTTATCGCGTTAACGGATATTATAACGGAGAATACGACTACTGGGGCCAAGGGACTCAAGTGACCGTGTCGTCT,FALSE,NO COLONIES,67.967,,,,,,,
HTP0006.H10,GAAGTGCAGCTGGTTGAGTCGGGTGGAGGGCTTGTTCAGCCTGGAGGGTCGCTGGTTTTGTCTTGCGCCGCGTCCGGCTTCACGTTGGATTATCTTGCCATTGGATGGTTCCCGCAAGCACCTGGAAAAGAGTTGGAAGGAGTAAGTTGTGTTTCGTCTTCAGGACAGTATACATATTACGCTGACTCTGTCCGGGGGCGTTTTACTATTTCGAAGGACAATGCGGAATCTACTGTTTATTTGCAAATGAATTCTCTTAAACCGGAGGATACCGCTGTGTATTACTGTGCAACAGATCCAGAGTGTTATCGCGTTAACGGATATTATAACGGAGAATACGACTACTGGGGCCAAGGGACTCAAGTGACCGTGTCGTCT,plasmid,20-30,s327,BC32,tcgtcggcagcgtcagatgtgtataagagacagCTGGtcgaatgatgacgacgacaagTC,GAAGTGCAGCTGGTTGAGTCGGGTGGAGGGCTTGTTCAGCCTGGAGGGTCGCTGGTTTTGTCTTGCGCCGCGTCCGGCTTCACGTTGGATTATCTTGCCATTGGATGGTTCCCGCAAGCACCTGGAAAAGAGTTGGAAGGAGTAAGTTGTGTTTCGTCTTCAGGACAGTATACATATTACGCTGACTCTGTCCGGGGGCGTTTTACTATTTCGAAGGACAATGCGGAATCTACTGTTTATTTGCAAATGAATTCTCTTAAACCGGAGGATACCGCTGTGTATTACTGTGCAACAGATCCAGAGTGTTATCGCGTTAACGGATATTATAACGGAGAATACGACTACTGGGGCCAAGGGACTCAAGTGACCGTGTCGTCT,TRUE,NO SEQUENCE FOUND,FALSE,,89.948,,,,,,,
HTP0006.A11,GAAGTGCAGCTGGTTGAGTCGGGTGGAGGGCTTGTTCAGCCTGGAGGGTCGCTGGCTTTGTCTTGCGCCGCGTCCGGCTTCACGTTGGATTATCTTGCCATTGGATGGTTCCAGCAAGCACCTGGAAAAGAGCGGGAAGGAGTAAGTTGTGTTTCGTCTTCAGGACAGTATACATATTACGCTGACTCTGTCTTGGGGCGTTTTACTATTTCGGACGACAATGCGGAATCTACTGTTTATTTGCAAATGAATTCTCTTAAACCGGAGGATACCGCTGTGTATTACTGTGCAACAGATCCAGAGTGTTATCGCGTTAACGGATATTATAACGGAGAATACGACTACTGGGGCCAAGGGACTCAAGTGACCGTGTCGTCT,plasmid,20-30,s327,BC33,tcgtcggcagcgtcagatgtgtataagagacagGCCCtcgaatgatgacgacgacaagTC,GAAGTGCAGCTGGTTGAGTCGGGTGGAGGGCTTGTTCAGCCTGGAGGGTCGCTGGCTTTGTCTTGCGCCGCGTCCGGCTTCACGTTGGATTATCTTGCCATTGGATGGTTCCAGCAAGCACCTGGAAAAGAGCGGGAAGGAGTAAGTTGTGTTTCGTCTTCAGGACAGTATACATATTACGCTGACTCTGTCTTGGGGCGTTTTACTATTTCGGACGACAATGCGGAATCTACTGTTTATTTGCAAATGAATTCTCTTAAACCGGAGGATACCGCTGTGTATTACTGTGCAACAGATCCAGAGTGTTATCGCGTTAACGGATATTATAACGGAGAATACGACTACTGGGGCCAAGGGACTCAAGTGACCGTGTCGTCT,TRUE,NO SEQUENCE FOUND,FALSE,,68.457,,,,,,,
HTP0006.B11,GAAGTGCAGCTGGTTGAGTCGGGTGGAGGGCTTGTTCAGCCTGGAGGGTCGCTGCGGTTGTCTTGCGCCGCGTCCGGCTTCACGTTGGATTATCTTGCCATTGGATGGTTCGACCAAGCACCTGGAAAAGAGCGGGAAGGAGTAAGTTGTGTTTCGTCTTCAGGACAGTATACATATTACGCTGACTCTGTCAAGGGGCGTTTTACTATTTCGCGGGACAATGCGGAATCTACTGTTTATTTGCAAATGAATTCTCTTAAACCGGAGGATACCGCTGTGTATTACTGTGCAACAGATCCAGAGTGTTATCGCGTTAACGGATATTATAACGGAGAATACGACTACTGGGGCCAAGGGACTCAAGTGACCGTGTCGTCT,plasmid,20-30,s327,BC34,tcgtcggcagcgtcagatgtgtataagagacagAGCTtcgaatgatgacgacgacaagTC,GAAGTGCAGCTGGTTGAGTCGGGTGGAGGGCTTGTTCAGCCTGGAGGGTCGCTGCGGTTGTCTTGCGCCGCGTCCGGCTTCACGTTGGATTATCTTGCCATTGGATGGTTCGACCAAGCACCTGGAAAAGAGCGGGAAGGAGTAAGTTGTGTTTCGTCTTCAGGACAGTATACATATTACGCTGACTCTGTCAAGGGGCGTTTTACTATTTCGCGGGACAATGCGGAATCTACTGTTTATTTGCAAATGAATTCTCTTAAACCGGAGGATACCGCTGTGTATTACTGTGCAACAGATCCAGAGTGTTATCGCGTTAACGGATATTATAACGGAGAATACGACTACTGGGGCCAAGGGACTCAAGTGACCGTGTCGTCT,TRUE,NO SEQUENCE FOUND,FALSE,,49.604,,,,,,,
HTP0006.C11,GAAGTGCAGCTGGTTGAGTCGGGTGGAGGGCTTGTTCAGCCTGGAGGGTCGCTGGACTTGTCTTGCGCCGCGTCCGGCTTCACGTTGGATTATCTTGCCATTGGATGGTTCCCGCAAGCACCTGGAAAAGAGGCTGAAGGAGTAAGTTGTGTTTCGTCTTCAGGACAGTATACATATTACGCTGACTCTGTCCCGGGGCGTTTTACTATTTCGGGGGACAATGCGGAATCTACTGTTTATTTGCAAATGAATTCTCTTAAACCGGAGGATACCGCTGTGTATTACTGTGCAACAGATCCAGAGTGTTATCGCGTTAACGGATATTATAACGGAGAATACGACTACTGGGGCCAAGGGACTCAAGTGACCGTGTCGTCT,plasmid,20-30,s327,BC35,tcgtcggcagcgtcagatgtgtataagagacagTACCtcgaatgatgacgacgacaagTC,GAAGTGCAGCTGGTTGAGTCGGGTGGAGGGCTTGTTCAGCCTGGAGGGTCGCTGGACTTGTCTTGCGCCGCGTCCGGCTTCACGTTGGATTATCTTGCCATTGGATGGTTCCCGCAAGCACCTGGAAAAGAGGCTGAAGGAGTAAGTTGTGTTTCGTCTTCAGGACAGTATACATATTACGCTGACTCTGTCCCGGGGCGTTTTACTATTTCGGGGGACAATGCGGAATCTACTGTTTATTTGCAAATGAATTCTCTTAAACCGGAGGATACCGCTGTGTATTACTGTGCAACAGATCCAGAGTGTTATCGCGTTAACGGATATTATAACGGAGAATACGACTACTGGGGCCAAGGGACTCAAGTGACCGTGTCGTCT,TRUE,NO SEQUENCE FOUND,FALSE,,66.581,,,,,,,
HTP0006.D11,GAAGTGCAGCTGGTTGAGTCGGGTGGAGGGCTTGTTCAGCCTGGAGGGTCGCTGGACTTGTCTTGCGCCGCGTCCGGCTTCACGTTGGATTATCTTGCCATTGGATGGTTCCCGCAAGCACCTGGAAAAGAGACTGAAGGAGTAAGTTGTGTTTCGTCTTCAGGACAGTATACATATTACGCTGACTCTGTCCGGGGGCGTTTTACTATTTCGGGGGACAATGCGGAATCTACTGTTTATTTGCAAATGAATTCTCTTAAACCGGAGGATACCGCTGTGTATTACTGTGCAACAGATCCAGAGTGTTATCGCGTTAACGGATATTATAACGGAGAATACGACTACTGGGGCCAAGGGACTCAAGTGACCGTGTCGTCT,plasmid,20-30,s327,BC36,tcgtcggcagcgtcagatgtgtataagagacagGTCCtcgaatgatgacgacgacaagTC,GAAGTGCAGCTGGTTGAGTCGGGTGGAGGGCTTGTTCAGCCTGGAGGGTCGCTGGACTTGTCTTGCGCCGCGTCCGGCTTCACGTTGGATTATCTTGCCATTGGATGGTTCCCGCAAGCACCTGGAAAAGAGACTGAAGGAGTAAGTTGTGTTTCGTCTTCAGGACAGTATACATATTACGCTGACTCTGTCCGGGGGCGTTTTACTATTTCGGGGGACAATGCGGAATCTACTGTTTATTTGCAAATGAATTCTCTTAAACCGGAGGATACCGCTGTGTATTACTGTGCAACAGATCCAGAGTGTTATCGCGTTAACGGATATTATAACGGAGAATACGACTACTGGGGCCAAGGGACTCAAGTGACCGTGTCGTCT,TRUE,NO SEQUENCE FOUND,FALSE,,58.653,,,,,,,
HTP0006.E11,GAAGTGCAGCTGGTTGAGTCGGGTGGAGGGCTTGTTCAGCCTGGAGGGTCGCTGGACTTGTCTTGCGCCGCGTCCGGCTTCACGTTGGATTATCTTGCCATTGGATGGTTCCCGCAAGCACCTGGAAAAGAGCACGAAGGAGTAAGTTGTGTTTCGTCTTCAGGACAGTATACATATTACGCTGACTCTGTCTGTGGGCGTTTTACTATTTCGAAGGACAATGCGGAATCTACTGTTTATTTGCAAATGAATTCTCTTAAACCGGAGGATACCGCTGTGTATTACTGTGCAACAGATCCAGAGTGTTATCGCGTTAACGGATATTATAACGGAGAATACGACTACTGGGGCCAAGGGACTCAAGTGACCGTGTCGTCT,plasmid,20-30,s327,BC37,tcgtcggcagcgtcagatgtgtataagagacagTATGtcgaatgatgacgacgacaagTC,GAAGTGCAGCTGGTTGAGTCGGGTGGAGGGCTTGTTCAGCCTGGAGGGTCGCTGGACTTGTCTTGCGCCGCGTCCGGCTTCACGTTGGATTATCTTGCCATTGGATGGTTCCCGCAAGCACCTGGAAAAGAGCACGAAGGAGTAAGTTGTGTTTCGTCTTCAGGACAGTATACATATTACGCTGACTCTGTCTGTGGGCGTTTTACTATTTCGAAGGACAATGCGGAATCTACTGTTTATTTGCAAATGAATTCTCTTAAACCGGAGGATACCGCTGTGTATTACTGTGCAACAGATCCAGAGTGTTATCGCGTTAACGGATATTATAACGGAGAATACGACTACTGGGGCCAAGGGACTCAAGTGACCGTGTCGTCT,TRUE,NO SEQUENCE FOUND,FALSE,,76.462,,,,,,,
HTP0006.F11,GAAGTGCAGCTGGTTGAGTCGGGTGGAGGGCTTGTTCAGCCTGGAGGGTCGCTGGCTTTGTCTTGCGCCGCGTCCGGCTTCACGTTGGATTATCTTGCCATTGGATGGTTCCGGCAAGCACCTGGAAAAGAGCGGGAAGGAGTAAGTTGTGTTTCGTCTTCAGGACAGTATACATATTACGCTGACTCTGTCAAGGGGCGTTTTACTATTTCGCGGGACAATGCGGAATCTACTGTTTATTTGCAAATGAATTCTCTTAAACCGGAGGATACCGCTGTGTATTACTGTGCAACAGATCCAGAGTGTTATCGCGTTAACGGATATTATAACGGAGAATACGACTACTGGGGCCAAGGGACTCAAGTGACCGTGTCGTCT,plasmid,20-30,s327,BC38,tcgtcggcagcgtcagatgtgtataagagacagACCTtcgaatgatgacgacgacaagTC,GAAGTGCAGCTGGTTGAGTCGGGTGGAGGGCTTGTTCAGCCTGGAGGGTCGCTGGCTTTGTCTTGCGCCGCGTCCGGCTTCACGTTGGATTATCTTGCCATTGGATGGTTCCGGCAAGCACCTGGAAAAGAGCGGGAAGGAGTAAGTTGTGTTTCGTCTTCAGGACAGTATACATATTACGCTGACTCTGTCAAGGGGCGTTTTACTATTTCGCGGGACAATGCGGAATCTACTGTTTATTTGCAAATGAATTCTCTTAAACCGGAGGATACCGCTGTGTATTACTGTGCAACAGATCCAGAGTGTTATCGCGTTAACGGATATTATAACGGAGAATACGACTACTGGGGCCAAGGGACTCAAGTGACCGTGTCGTCT,TRUE,NO SEQUENCE FOUND,FALSE,,71.73,,,,,,,
HTP0006.G11,GAAGTGCAGCTGGTTGAGTCGGGTGGAGGGCTTGTTCAGCCTGGAGGGTCGCTGGAGTTGTCTTGCGCCGCGTCCGGCTTCACGTTGGATTATCTTGCCATTGGATGGTTCTGGCAAGCACCTGGAAAAGAGCGGGAAGGAGTAAGTTGTGTTTCGTCTTCAGGACAGTATACATATTACGCTGACTCTGTCTGTGGGCGTTTTACTATTTCGGAGGACAATGCGGAATCTACTGTTTATTTGCAAATGAATTCTCTTAAACCGGAGGATACCGCTGTGTATTACTGTGCAACAGATCCAGAGTGTTATCGCGTTCGGGGATATTATAACGGAGAATACGACTACTGGGGCCAAGGGACTCAAGTGACCGTGTCGTCT,plasmid,20-30,s327,BC39,tcgtcggcagcgtcagatgtgtataagagacagGGTCtcgaatgatgacgacgacaagTC,INDELS! GAAGTGCAGCTGGTTGAGTCGGGTGGAGGGCTTGTTCAGCCTGGAGGGTCGCTGGAGTTGTCTTGCGCCGCGTCCGGCTTCACGTTGGATTATCTTGCCATTGGATGGTTCTGGCAAGCACCTGGAAAAGAGCGGGAAGGAGTAAGTTGTGTTTCGTCTTCAGGACAGTATACATATTACGCTGACTCTGTCTGTGGGCGTTTTACTATTTCGGAGGACAATGCGGAATCTACTGTTTATTTGGCAAATGAATTCTCTTAAACCGGAGGATACCGCTGTGTATTACTGTGCAACAGATCCAGAGTGTTATCGCGTTCGGGGATATTATAACGGAGAATACGACTACTGGGGCCAAGGGACTCAAGTGACCGTGTCGTCT,FALSE,NO SEQUENCE FOUND,FALSE,INDEL,60.666,,,,,,,
HTP0006.H11,GAAGTGCAGCTGGTTGAGTCGGGTGGAGGGCTTGTTCAGCCTGGAGGGTCGCTGCGGTTGTCTTGCGCCGCGTCCGGCTTCACGTTGGATTATCTTGCCATTGGATGGTTCGGGCAAGCACCTGGAAAAGAGGTTGAAGGAGTAAGTTGTGTTTCGTCTTCAGGACAGTATACATATTACGCTGACTCTGTCTTGGGGCGTTTTACTATTTCGTGGGACAATGCGGAATCTACTGTTTATTTGCAAATGAATTCTCTTAAACCGGAGGATACCGCTGTGTATTACTGTGCAACAGATCCAGAGTGTTATCGCGTTGGGGGATATTATAACGGAGAATACGACTACTGGGGCCAAGGGACTCAAGTGACCGTGTCGTCT,plasmid,20-30,s327,BC40,tcgtcggcagcgtcagatgtgtataagagacagCCTGtcgaatgatgacgacgacaagTC,GAAGTGCAGCTGGTTGAGTCGGGTGGAGGGCTTGTTCAGCCTGGAGGGTCGCTGCGGTTGTCTTGCGCCGCGTCCGGCTTCACGTTGGATTATCTTGCCATTGGATGGTTCGGGCAAGCACCTGGAAAAGAGGTTGAAGGAGTAAGTTGTGTTTCGTCTTCAGGACAGTATACATATTACGCTGACTCTGTCTTGGGGCGTTTTACTATTTCGTGGGACAATGCGGAATCTACTGTTTATTTGCAAATGAATTCTCTTAAACCGGAGGATACCGCTGTGTATTACTGTGCAACAGATCCAGAGTGTTATCGCGTTGGGGGATATTATAACGGAGAATACGACTACTGGGGCCAAGGGACTCAAGTGACCGTGTCGTCT,TRUE,GAAGTGCAGCTGGTTGAGTCGGGTGGAGGGCTTGTTCAGCCTGGAGGGTCGCTGCGGTTGTCTTGCGCCGCGTCCGGCTTCACGTTGGATTATCTTGCCATTGGATGGTTCGGGCAAGCACCTGGAAAAGAGGTTGAAGGAGTAAGTTGTGTTTCGTCTTCAGGACAGTATACATATTACGCTGACTCTGTCTTGGGGCGTTTTACTATTTCGTGGGACAATGCGGAATCTACTGTTTATTTGCAAATGAATTCTCTTAAACCGGAGGATACCGCTGTGTATTACTGTGCAACAGATCCAGAGTGTTATCGCGTTAACGGATATTATAACGGAGAATACGACTACTGGGGCCAAGGGACTCAAGTGACCGTGTCGTCT,FALSE,,63.09,,,,,,,
HTP0006.A12,GAAGTGCAGCTGGTTGAGTCGGGTGGAGGGCTTGTTCAGCCTGGAGGGTCGCTGGACTTGTCTTGCGCCGCGTCCGGCTTCACGTTGGATTATCTTGCCATTGGATGGTTCGACCAAGCACCTGGAAAAGAGGACGAAGGAGTAAGTTGTGTTTCGTCTTCAGGACAGTATACATATTACGCTGACTCTGTCGTTGGGCGTTTTACTATTTCGGGGGACAATGCGGAATCTACTGTTTATTTGCAAATGAATTCTCTTAAACCGGAGGATACCGCTGTGTATTACTGTGCAACAGATCCAGAGTGTTATCGCGTTTCTGGATATTATAACGGAGAATACGACTACTGGGGCCAAGGGACTCAAGTGACCGTGTCGTCT,plasmid,20-30,s327,BC41,tcgtcggcagcgtcagatgtgtataagagacagATCTtcgaatgatgacgacgacaagTC,GAAGTGCAGCTGGTTGAGTCGGGTGGAGGGCTTGTTCAGCCTGGAGGGTCGCTGGACTTGTCTTGCGCCGCGTCCGGCTTCACGTTGGATTATCTTGCCATTGGATGGTTCGACCAAGCACCTGGAAAAGAGGACGAAGGAGTAAGTTGTGTTTCGTCTTCAGGACAGTATACATATTACGCTGACTCTGTCGTTGGGCGTTTTACTATTTCGGGGGACAATGCGGAATCTACTGTTTATTTGCAAATGAATTCTCTTAAACCGGAGGATACCGCTGTGTATTACTGTGCAACAGATCCAGAGTGTTATCGCGTTTCTGGATATTATAACGGAGAATACGACTACTGGGGCCAAGGGACTCAAGTGACCGTGTCGTCT,TRUE,NO SEQUENCE FOUND,FALSE,,70.419,,,,,,,
HTP0006.B12,GAAGTGCAGCTGGTTGAGTCGGGTGGAGGGCTTGTTCAGCCTGGAGGGTCGCTGGACTTGTCTTGCGCCGCGTCCGGCTTCACGTTGGATTATCTTGCCATTGGATGGTTCCCGCAAGCACCTGGAAAAGAGCACGAAGGAGTAAGTTGTGTTTCGTCTTCAGGACAGTATACATATTACGCTGACTCTGTCAAGGGGCGTTTTACTATTTCGGGGGACAATGCGGAATCTACTGTTTATTTGCAAATGAATTCTCTTAAACCGGAGGATACCGCTGTGTATTACTGTGCAACAGATCCAGAGTGTTATCGCGTTAACGGATATTATAACGGAGAATACGACTACTGGGGCCAAGGGACTCAAGTGACCGTGTCGTCT,plasmid,20-30,s327,BC42,tcgtcggcagcgtcagatgtgtataagagacagGCCGtcgaatgatgacgacgacaagTC,GAAGTGCAGCTGGTTGAGTCGGGTGGAGGGCTTGTTCAGCCTGGAGGGTCGCTGGACTTGTCTTGCGCCGCGTCCGGCTTCACGTTGGATTATCTTGCCATTGGATGGTTCCCGCAAGCACCTGGAAAAGAGCACGAAGGAGTAAGTTGTGTTTCGTCTTCAGGACAGTATACATATTACGCTGACTCTGTCAAGGGGCGTTTTACTATTTCGGGGGACAATGCGGAATCTACTGTTTATTTGCAAATGAATTCTCTTAAACCGGAGGATACCGCTGTGTATTACTGTGCAACAGATCCAGAGTGTTATCGCGTTAACGGATATTATAACGGAGAATACGACTACTGGGGCCAAGGGACTCAAGTGACCGTGTCGTCT,TRUE,NO SEQUENCE FOUND,FALSE,,51.663,,,,,,,
HTP0006.C12,GAAGTGCAGCTGGTTGAGTCGGGTGGAGGGCTTGTTCAGCCTGGAGGGTCGCTGGACTTGTCTTGCGCCGCGTCCGGCTTCACGTTGGATTATCTTGCCATTGGATGGTTCCCGCAAGCACCTGGAAAAGAGGCTGAAGGAGTAAGTTGTGTTTCGTCTTCAGGACAGTATACATATTACGCTGACTCTGTCAAGGGGCGTTTTACTATTTCGCGGGACAATGCGGAATCTACTGTTTATTTGCAAATGAATTCTCTTAAACCGGAGGATACCGCTGTGTATTACTGTGCAACAGATCCAGAGTGTTATCGCGTTAACGGATATTATAACGGAGAATACGACTACTGGGGCCAAGGGACTCAAGTGACCGTGTCGTCT,plasmid,20-30,s327,BC43,tcgtcggcagcgtcagatgtgtataagagacagGAAAtcgaatgatgacgacgacaagTC,INDELS! GAAGTGCAGCTGGTTGAGTCGGGTGGAGGGCTTGTTCAGCCTGGAGGGTCGCTGGACTTGTCTTGCGCCGCGTCCGGCTTCACGTTGGATTATCTTGCCATTGGATGGTTCCCGCAAGCACCTGGAAAAGAGGCTGAAGGAGTAAGTTGTGTTTCGTCTTCAGGACAGTATACATATCACGCTGACTCTGTCAAGGGGCGTTTTACTATTTCGCGGGACAATGCGGAATCTACTGTTTATTTGCAAATGAATTCTCTTAAACCGGAGGATACCGCTGTGTATTACGTGCAACAGATCCAGAGTGTTATCGCGTTAACGGATATTATAACGGAGAATACGACTACTGGGGCCAAGGGACTCAAGTGACCGTGTCGTCT,FALSE,NO SEQUENCE FOUND,FALSE,NO COLONIES,53.611,,,,,,,
HTP0006.D12,GAAGTGCAGCTGGTTGAGTCGGGTGGAGGGCTTGTTCAGCCTGGAGGGTCGCTGGACTTGTCTTGCGCCGCGTCCGGCTTCACGTTGGATTATCTTGCCATTGGATGGTTCGACCAAGCACCTGGAAAAGAGGCTGAAGGAGTAAGTTGTGTTTCGTCTTCAGGACAGTATACATATTACGCTGACTCTGTCAAGGGGCGTTTTACTATTTCGGGGGACAATGCGGAATCTACTGTTTATTTGCAAATGAATTCTCTTAAACCGGAGGATACCGCTGTGTATTACTGTGCAACAGATCCAGAGTGTTATCGCGTTAACGGATATTATAACGGAGAATACGACTACTGGGGCCAAGGGACTCAAGTGACCGTGTCGTCT,plasmid,20-30,s327,BC44,tcgtcggcagcgtcagatgtgtataagagacagCCTTtcgaatgatgacgacgacaagTC,GAAGTGCAGCTGGTTGAGTCGGGTGGAGGGCTTGTTCAGCCTGGAGGGTCGCTGGACTTGTCTTGCGCCGCGTCCGGCTTCACGTTGGATTATCTTGCCATTGGATGGTTCGACCAAGCACCTGGAAAAGAGGCTGAAGGAGTAAGTTGTGTTTCGTCTTCAGGACAGTATACATATTACGCTGACTCTGTCAAGGGGCGTTTTACTATTTCGGGGGACAATGCGGAATCTACTGTTTATTTGCAAATGAATTCTCTTAAACCGGAGGATACCGCTGTGTATTACTGTGCAACAGATCCAGAGTGTTATCGCGTTAACGGATATTATAACGGAGAATACGACTACTGGGGCCAAGGGACTCAAGTGACCGTGTCGTCT,TRUE,NO SEQUENCE FOUND,FALSE,,51.544,,,,,,,
HTP0006.E12,GAAGTGCAGCTGGTTGAGTCGGGTGGAGGGCTTGTTCAGCCTGGAGGGTCGCTGGACTTGTCTTGCGCCGCGTCCGGCTTCACGTTGGATTATCTTGCCATTGGATGGTTCGACCAAGCACCTGGAAAAGAGGCTGAAGGAGTAAGTTGTGTTTCGTCTTCAGGACAGTATACATATTACGCTGACTCTGTCAAGGGGCGTTTTACTATTTCGCGGGACAATGCGGAATCTACTGTTTATTTGCAAATGAATTCTCTTAAACCGGAGGATACCGCTGTGTATTACTGTGCAACAGATCCAGAGTGTTATCGCGTTAACGGATATTATAACGGAGAATACGACTACTGGGGCCAAGGGACTCAAGTGACCGTGTCGTCT,plasmid,20-30,s327,BC45,tcgtcggcagcgtcagatgtgtataagagacagCATCtcgaatgatgacgacgacaagTC,GAAGTGCAGCTGGTTGAGTCGGGTGGAGGGCTTGTTCAGCCTGGAGGGTCGCTGGACTTGTCTTGCGCCGCGTCCGGCTTCACGTTGGATTATCTTGCCATTGGATGGTTCGACCAAGCACCTGGAAAAGAGGCTGAAGGAGTAAGTTGTGTTTCGTCTTCAGGACAGTATACATATTACGCTGACTCTGTCAAGGGGCGTTTTACTATTTCGCGGGACAATGCGGAATCTACTGTTTATTTGCAAATGAATTCTCTTAAACCGGAGGATACCGCTGTGTATTACTGTGCAACAGATCCAGAGTGTTATCGCGTTAACGGATATTATAACGGAGAATACGACTACTGGGGCCAAGGGACTCAAGTGACCGTGTCGTCT,TRUE,NO SEQUENCE FOUND,FALSE,,59.658,,,,,,,
HTP0006.F12,GAAGTGCAGCTGGTTGAGTCGGGTGGAGGGCTTGTTCAGCCTGGAGGGTCGCTGGACTTGTCTTGCGCCGCGTCCGGCTTCACGTTGGATTATCTTGCCATTGGATGGTTCCCGCAAGCACCTGGAAAAGAGCACGAAGGAGTAAGTTGTGTTTCGTCTTCAGGACAGTATACATATTACGCTGACTCTGTCCCGGGGCGTTTTACTATTTCGGGGGACAATGCGGAATCTACTGTTTATTTGCAAATGAATTCTCTTAAACCGGAGGATACCGCTGTGTATTACTGTGCAACAGATCCAGAGTGTTATCGCGTTAACGGATATTATAACGGAGAATACGACTACTGGGGCCAAGGGACTCAAGTGACCGTGTCGTCT,plasmid,20-30,s327,BC46,tcgtcggcagcgtcagatgtgtataagagacagTTATtcgaatgatgacgacgacaagTC,GAAGTGCAGCTGGTTGAGTCGGGTGGAGGGCTTGTTCAGCCTGGAGGGTCGCTGGACTTGTCTTGCGCCGCGTCCGGCTTCACGTTGGATTATCTTGCCATTGGATGGTTCCCGCAAGCACCTGGAAAAGAGCACGAAGGAGTAAGTTGTGTTTCGTCTTCAGGACAGTATACATATTACGCTGACTCTGTCCCGGGGCGTTTTACTATTTCGGGGGACAATGCGGAATCTACTGTTTATTTGCAAATGAATTCTCTTAAACCGGAGGATACCGCTGTGTATTACTGTGCAACAGATCCAGAGTGTTATCGCGTTAACGGATATTATAACGGAGAATACGACTACTGGGGCCAAGGGACTCAAGTGACCGTGTCGTCT,TRUE,NO SEQUENCE FOUND,FALSE,,68.457,,,,,,,
HTP0006.G12,GAAGTGCAGCTGGTTGAGTCGGGTGGAGGGCTTGTTCAGCCTGGAGGGTCGCTGGACTTGTCTTGCGCCGCGTCCGGCTTCACGTTGGATTATCTTGCCATTGGATGGTTCCCGCAAGCACCTGGAAAAGAGGCTGAAGGAGTAAGTTGTGTTTCGTCTTCAGGACAGTATACATATTACGCTGACTCTGTCAAGGGGCGTTTTACTATTTCGAACGACAATGCGGAATCTACTGTTTATTTGCAAATGAATTCTCTTAAACCGGAGGATACCGCTGTGTATTACTGTGCAACAGATCCAGAGTGTTATCGCGTTAACGGATATTATAACGGAGAATACGACTACTGGGGCCAAGGGACTCAAGTGACCGTGTCGTCT,plasmid,20-30,s327,BC47,tcgtcggcagcgtcagatgtgtataagagacagAATTtcgaatgatgacgacgacaagTC,GAAGTGCAGCTGGTTGAGTCGGGTGGAGGGCTTGTTCAGCCTGGAGGGTCGCTGGACTTGTCTTGCGCCGCGTCCGGCTTCACGTTGGATTATCTTGCCATTGGATGGTTCCCGCAAGCACCTGGAAAAGAGGCTGAAGGAGTAAGTTGTGTTTCGTCTTCAGGACAGTATACATATTACGCTGACTCTGTCAAGGGGCGTTTTACTATTTCGAACGACAATGCGGAATCTACTGTTTATTTGCAAATGAATTCTCTTAAACCGGAGGATACCGCTGTGTATTACTGTGCAACAGATCCAGAGTGTTATCGCGTTAACGGATATTATAACGGAGAATACGACTACTGGGGCCAAGGGACTCAAGTGACCGTGTCGTCT,TRUE,NO SEQUENCE FOUND,FALSE,,67.233,,,,,,,
HTP0006.H12,GAAGTGCAGCTGGTTGAGTCGGGTGGAGGGCTTGTTCAGCCTGGAGGGTCGCTGGACTTGTCTTGCGCCGCGTCCGGCTTCACGTTGGATTATCTTGCCATTGGATGGTTCCCGCAAGCACCTGGAAAAGAGGCTGAAGGAGTAAGTTGTGTTTCGTCTTCAGGACAGTATACATATTACGCTGACTCTGTCAAGGGGCGTTTTACTATTTCGACTGACAATGCGGAATCTACTGTTTATTTGCAAATGAATTCTCTTAAACCGGAGGATACCGCTGTGTATTACTGTGCAACAGATCCAGAGTGTTATCGCGTTAACGGATATTATAACGGAGAATACGACTACTGGGGCCAAGGGACTCAAGTGACCGTGTCGTCT,plasmid,20-30,s327,BC48,tcgtcggcagcgtcagatgtgtataagagacagCGGCtcgaatgatgacgacgacaagTC,GAAGTGCAGCTGGTTGAGTCGGGTGGAGGGCTTGTTCAGCCTGGAGGGTCGCTGGACTTGTCTTGCGCCGCGTCCGGCTTCACGTTGGATTATCTTGCCATTGGATGGTTCCCGCAAGCACCTGGAAAAGAGGCTGAAGGAGTAAGTTGTGTTTCGTCTTCAGGACAGTATACATATTACGCTGACTCTGTCAAGGGGCGTTTTACTATTTCGACTGACAATGCGGAATCTACTGTTTATTTGCAAATGAATTCTCTTAAACCGGAGGATACCGCTGTGTATTACTGTGCAACAGATCCAGAGTGTTATCGCGTTAACGGATATTATAACGGAGAATACGACTACTGGGGCCAAGGGACTCAAGTGACCGTGTCGTCT,TRUE,NO SEQUENCE FOUND,FALSE,,69.355,,,,,,,